file_id,file_name,submitter_id,supplement_kind,path,downloaded,bytes,error
7b5b0296-c3e9-4282-ba17-dc6ef2c7306e,nationwidechildrens.org_omf.TCGA-EJ-7791.xml,TCGA-EJ-7791,omf,C:\Users\joshd\Documents\OpenSpecialtyRiskAtlas\10_urology_tcga_prad\data_raw\clinical_xml\nationwidechildrens.org_omf.TCGA-EJ-7791.xml,True,10984,
6bc21bf1-1f0d-4fb2-91a5-42f2e6eda24a,nationwidechildrens.org_clinical.TCGA-EJ-7123.xml,TCGA-EJ-7123,clinical,C:\Users\joshd\Documents\OpenSpecialtyRiskAtlas\10_urology_tcga_prad\data_raw\clinical_xml\nationwidechildrens.org_clinical.TCGA-EJ-7123.xml,True,38922,
7492645b-715d-4b20-8ab2-0f2410961352,nationwidechildrens.org_omf.TCGA-EJ-7123.xml,TCGA-EJ-7123,omf,C:\Users\joshd\Documents\OpenSpecialtyRiskAtlas\10_urology_tcga_prad\data_raw\clinical_xml\nationwidechildrens.org_omf.TCGA-EJ-7123.xml,True,11021,
24da89d7-21e3-4543-ae06-f300038630ec,nationwidechildrens.org_clinical.TCGA-CH-5790.xml,TCGA-CH-5790,clinical,C:\Users\joshd\Documents\OpenSpecialtyRiskAtlas\10_urology_tcga_prad\data_raw\clinical_xml\nationwidechildrens.org_clinical.TCGA-CH-5790.xml,True,30148,
f1820cb1-c522-4111-a6a2-d598a67e4b4f,nationwidechildrens.org_clinical.TCGA-ZG-A9L6.xml,TCGA-ZG-A9L6,clinical,C:\Users\joshd\Documents\OpenSpecialtyRiskAtlas\10_urology_tcga_prad\data_raw\clinical_xml\nationwidechildrens.org_clinical.TCGA-ZG-A9L6.xml,True,33589,
efa9c9e3-dbfb-42ec-9769-b7c69041c886,nationwidechildrens.org_clinical.TCGA-XQ-A8TA.xml,TCGA-XQ-A8TA,clinical,C:\Users\joshd\Documents\OpenSpecialtyRiskAtlas\10_urology_tcga_prad\data_raw\clinical_xml\nationwidechildrens.org_clinical.TCGA-XQ-A8TA.xml,True,32984,
913a38ff-1c5f-4567-9917-16f1dbae6eab,nationwidechildrens.org_clinical.TCGA-HC-8259.xml,TCGA-HC-8259,clinical,C:\Users\joshd\Documents\OpenSpecialtyRiskAtlas\10_urology_tcga_prad\data_raw\clinical_xml\nationwidechildrens.org_clinical.TCGA-HC-8259.xml,True,30178,
ee5d0012-c5eb-4712-8d2f-ea2c21965fb5,nationwidechildrens.org_omf.TCGA-CH-5791.xml,TCGA-CH-5791,omf,C:\Users\joshd\Documents\OpenSpecialtyRiskAtlas\10_urology_tcga_prad\data_raw\clinical_xml\nationwidechildrens.org_omf.TCGA-CH-5791.xml,True,11119,
c7978d74-45a2-4a26-b02c-cc050365914b,nationwidechildrens.org_clinical.TCGA-V1-A8WS.xml,TCGA-V1-A8WS,clinical,C:\Users\joshd\Documents\OpenSpecialtyRiskAtlas\10_urology_tcga_prad\data_raw\clinical_xml\nationwidechildrens.org_clinical.TCGA-V1-A8WS.xml,True,32772,
37f38eeb-2e01-4f93-b5ea-0638b719cd41,nationwidechildrens.org_clinical.TCGA-HC-8213.xml,TCGA-HC-8213,clinical,C:\Users\joshd\Documents\OpenSpecialtyRiskAtlas\10_urology_tcga_prad\data_raw\clinical_xml\nationwidechildrens.org_clinical.TCGA-HC-8213.xml,True,29824,
94e9e3f0-b570-41b7-bdf7-f0c450ef53d5,nationwidechildrens.org_omf.TCGA-J4-A83N.xml,TCGA-J4-A83N,omf,C:\Users\joshd\Documents\OpenSpecialtyRiskAtlas\10_urology_tcga_prad\data_raw\clinical_xml\nationwidechildrens.org_omf.TCGA-J4-A83N.xml,True,11469,
ef295641-144a-4623-8de4-389d60b1bdd9,nationwidechildrens.org_clinical.TCGA-HC-A632.xml,TCGA-HC-A632,clinical,C:\Users\joshd\Documents\OpenSpecialtyRiskAtlas\10_urology_tcga_prad\data_raw\clinical_xml\nationwidechildrens.org_clinical.TCGA-HC-A632.xml,True,21641,
35a2b40a-f4fa-4848-850b-561302220a17,nationwidechildrens.org_clinical.TCGA-J4-A83K.xml,TCGA-J4-A83K,clinical,C:\Users\joshd\Documents\OpenSpecialtyRiskAtlas\10_urology_tcga_prad\data_raw\clinical_xml\nationwidechildrens.org_clinical.TCGA-J4-A83K.xml,True,30726,
f4ce64b3-1a37-49fb-a59d-68c2c99932d7,nationwidechildrens.org_clinical.TCGA-HC-7749.xml,TCGA-HC-7749,clinical,C:\Users\joshd\Documents\OpenSpecialtyRiskAtlas\10_urology_tcga_prad\data_raw\clinical_xml\nationwidechildrens.org_clinical.TCGA-HC-7749.xml,True,30306,
2fe6d48a-345c-411a-a735-579e71d8f16a,nationwidechildrens.org_clinical.TCGA-SU-A7E7.xml,TCGA-SU-A7E7,clinical,C:\Users\joshd\Documents\OpenSpecialtyRiskAtlas\10_urology_tcga_prad\data_raw\clinical_xml\nationwidechildrens.org_clinical.TCGA-SU-A7E7.xml,True,30606,
cb357cbf-5b46-465d-8940-844b3cf089d6,nationwidechildrens.org_clinical.TCGA-KK-A8IA.xml,TCGA-KK-A8IA,clinical,C:\Users\joshd\Documents\OpenSpecialtyRiskAtlas\10_urology_tcga_prad\data_raw\clinical_xml\nationwidechildrens.org_clinical.TCGA-KK-A8IA.xml,True,36480,
4fc24d1b-114e-426d-b8a6-b85d28d1e65e,nationwidechildrens.org_clinical.TCGA-KK-A6E6.xml,TCGA-KK-A6E6,clinical,C:\Users\joshd\Documents\OpenSpecialtyRiskAtlas\10_urology_tcga_prad\data_raw\clinical_xml\nationwidechildrens.org_clinical.TCGA-KK-A6E6.xml,True,22411,
99fe5d49-ff85-4266-8413-005389de0db5,nationwidechildrens.org_clinical.TCGA-V1-A9OY.xml,TCGA-V1-A9OY,clinical,C:\Users\joshd\Documents\OpenSpecialtyRiskAtlas\10_urology_tcga_prad\data_raw\clinical_xml\nationwidechildrens.org_clinical.TCGA-V1-A9OY.xml,True,32629,
b9926d8e-aee3-4312-8b23-0790bfc00ae5,nationwidechildrens.org_clinical.TCGA-KK-A6E3.xml,TCGA-KK-A6E3,clinical,C:\Users\joshd\Documents\OpenSpecialtyRiskAtlas\10_urology_tcga_prad\data_raw\clinical_xml\nationwidechildrens.org_clinical.TCGA-KK-A6E3.xml,True,22487,
641e2ba9-2026-4be6-8851-65380225091e,nationwidechildrens.org_clinical.TCGA-YL-A8SQ.xml,TCGA-YL-A8SQ,clinical,C:\Users\joshd\Documents\OpenSpecialtyRiskAtlas\10_urology_tcga_prad\data_raw\clinical_xml\nationwidechildrens.org_clinical.TCGA-YL-A8SQ.xml,True,58605,
2c4af252-a133-4bfd-b3e8-56107bd179aa,nationwidechildrens.org_clinical.TCGA-G9-7519.xml,TCGA-G9-7519,clinical,C:\Users\joshd\Documents\OpenSpecialtyRiskAtlas\10_urology_tcga_prad\data_raw\clinical_xml\nationwidechildrens.org_clinical.TCGA-G9-7519.xml,True,30720,
36b2798e-43b7-4e44-a36e-6736be3a27e3,nationwidechildrens.org_clinical.TCGA-ZG-A9NI.xml,TCGA-ZG-A9NI,clinical,C:\Users\joshd\Documents\OpenSpecialtyRiskAtlas\10_urology_tcga_prad\data_raw\clinical_xml\nationwidechildrens.org_clinical.TCGA-ZG-A9NI.xml,True,31090,
b63f08ee-2833-4a24-bb75-20a4c3ff97ff,nationwidechildrens.org_clinical.TCGA-HC-7230.xml,TCGA-HC-7230,clinical,C:\Users\joshd\Documents\OpenSpecialtyRiskAtlas\10_urology_tcga_prad\data_raw\clinical_xml\nationwidechildrens.org_clinical.TCGA-HC-7230.xml,True,29926,
31ba9318-c5f4-4d95-b360-5ef574c93a07,nationwidechildrens.org_clinical.TCGA-XK-AAK1.xml,TCGA-XK-AAK1,clinical,C:\Users\joshd\Documents\OpenSpecialtyRiskAtlas\10_urology_tcga_prad\data_raw\clinical_xml\nationwidechildrens.org_clinical.TCGA-XK-AAK1.xml,True,30936,
f6a8a20a-b9b7-481c-a8e7-716970204375,nationwidechildrens.org_clinical.TCGA-CH-5748.xml,TCGA-CH-5748,clinical,C:\Users\joshd\Documents\OpenSpecialtyRiskAtlas\10_urology_tcga_prad\data_raw\clinical_xml\nationwidechildrens.org_clinical.TCGA-CH-5748.xml,True,21585,
1df069b8-72ec-4e4d-8c24-bbbbfae11781,nationwidechildrens.org_clinical.TCGA-J4-A67N.xml,TCGA-J4-A67N,clinical,C:\Users\joshd\Documents\OpenSpecialtyRiskAtlas\10_urology_tcga_prad\data_raw\clinical_xml\nationwidechildrens.org_clinical.TCGA-J4-A67N.xml,True,33425,
1d146965-2979-4610-b67e-68a99406444e,nationwidechildrens.org_clinical.TCGA-HC-A8D0.xml,TCGA-HC-A8D0,clinical,C:\Users\joshd\Documents\OpenSpecialtyRiskAtlas\10_urology_tcga_prad\data_raw\clinical_xml\nationwidechildrens.org_clinical.TCGA-HC-A8D0.xml,True,30831,
aca2f23d-b853-4aa9-a71a-098c90ae6b76,nationwidechildrens.org_clinical.TCGA-V1-A9Z9.xml,TCGA-V1-A9Z9,clinical,C:\Users\joshd\Documents\OpenSpecialtyRiskAtlas\10_urology_tcga_prad\data_raw\clinical_xml\nationwidechildrens.org_clinical.TCGA-V1-A9Z9.xml,True,32813,
b5f54cc3-9fb6-4e0a-b11f-469148943341,nationwidechildrens.org_clinical.TCGA-KK-A8I7.xml,TCGA-KK-A8I7,clinical,C:\Users\joshd\Documents\OpenSpecialtyRiskAtlas\10_urology_tcga_prad\data_raw\clinical_xml\nationwidechildrens.org_clinical.TCGA-KK-A8I7.xml,True,50164,
cb100ef0-04ee-4bc0-b5cd-5c005116eb34,nationwidechildrens.org_clinical.TCGA-EJ-5509.xml,TCGA-EJ-5509,clinical,C:\Users\joshd\Documents\OpenSpecialtyRiskAtlas\10_urology_tcga_prad\data_raw\clinical_xml\nationwidechildrens.org_clinical.TCGA-EJ-5509.xml,True,38932,
beeffb26-1216-4a9c-a6f9-9db0090da14d,nationwidechildrens.org_omf.TCGA-J9-A8CN.xml,TCGA-J9-A8CN,omf,C:\Users\joshd\Documents\OpenSpecialtyRiskAtlas\10_urology_tcga_prad\data_raw\clinical_xml\nationwidechildrens.org_omf.TCGA-J9-A8CN.xml,True,11155,
ba1c6723-d22a-40f5-952b-c5f31a6ac8e5,nationwidechildrens.org_clinical.TCGA-J9-A8CN.xml,TCGA-J9-A8CN,clinical,C:\Users\joshd\Documents\OpenSpecialtyRiskAtlas\10_urology_tcga_prad\data_raw\clinical_xml\nationwidechildrens.org_clinical.TCGA-J9-A8CN.xml,True,22185,
57fdca44-ba52-4764-bec7-76ab6956c89c,nationwidechildrens.org_omf.TCGA-EJ-7312.xml,TCGA-EJ-7312,omf,C:\Users\joshd\Documents\OpenSpecialtyRiskAtlas\10_urology_tcga_prad\data_raw\clinical_xml\nationwidechildrens.org_omf.TCGA-EJ-7312.xml,True,10859,
ea26d180-aefe-4adb-8314-3a56d64ad4b4,nationwidechildrens.org_clinical.TCGA-V1-A9OT.xml,TCGA-V1-A9OT,clinical,C:\Users\joshd\Documents\OpenSpecialtyRiskAtlas\10_urology_tcga_prad\data_raw\clinical_xml\nationwidechildrens.org_clinical.TCGA-V1-A9OT.xml,True,32921,
b76abc93-3a76-48cc-bcaa-a75a7a5feec4,nationwidechildrens.org_clinical.TCGA-J9-A52C.xml,TCGA-J9-A52C,clinical,C:\Users\joshd\Documents\OpenSpecialtyRiskAtlas\10_urology_tcga_prad\data_raw\clinical_xml\nationwidechildrens.org_clinical.TCGA-J9-A52C.xml,True,22515,
270eda55-14d9-473b-9a33-41c95bd2b23d,nationwidechildrens.org_clinical.TCGA-ZG-A9LN.xml,TCGA-ZG-A9LN,clinical,C:\Users\joshd\Documents\OpenSpecialtyRiskAtlas\10_urology_tcga_prad\data_raw\clinical_xml\nationwidechildrens.org_clinical.TCGA-ZG-A9LN.xml,True,36994,
9c0e7094-0467-49ef-8d38-bb4d714ea3c3,nationwidechildrens.org_clinical.TCGA-J4-A67Q.xml,TCGA-J4-A67Q,clinical,C:\Users\joshd\Documents\OpenSpecialtyRiskAtlas\10_urology_tcga_prad\data_raw\clinical_xml\nationwidechildrens.org_clinical.TCGA-J4-A67Q.xml,True,30447,
fdc23e4a-a89a-4c36-9b76-987be9a21ebe,nationwidechildrens.org_clinical.TCGA-EJ-5516.xml,TCGA-EJ-5516,clinical,C:\Users\joshd\Documents\OpenSpecialtyRiskAtlas\10_urology_tcga_prad\data_raw\clinical_xml\nationwidechildrens.org_clinical.TCGA-EJ-5516.xml,True,38490,
c7f9d947-4bc1-4306-a3b1-892da19e62f4,nationwidechildrens.org_clinical.TCGA-FC-7708.xml,TCGA-FC-7708,clinical,C:\Users\joshd\Documents\OpenSpecialtyRiskAtlas\10_urology_tcga_prad\data_raw\clinical_xml\nationwidechildrens.org_clinical.TCGA-FC-7708.xml,True,30342,
4ec870cb-48fb-4574-98a4-8e34c403420f,nationwidechildrens.org_clinical.TCGA-EJ-A8FU.xml,TCGA-EJ-A8FU,clinical,C:\Users\joshd\Documents\OpenSpecialtyRiskAtlas\10_urology_tcga_prad\data_raw\clinical_xml\nationwidechildrens.org_clinical.TCGA-EJ-A8FU.xml,True,30138,
9f2da7af-48a4-454b-bed6-6a166c0c14d4,nationwidechildrens.org_clinical.TCGA-YL-A8SL.xml,TCGA-YL-A8SL,clinical,C:\Users\joshd\Documents\OpenSpecialtyRiskAtlas\10_urology_tcga_prad\data_raw\clinical_xml\nationwidechildrens.org_clinical.TCGA-YL-A8SL.xml,True,42739,
28052d34-5ed5-458f-b5c4-b0f59d0ee2ef,nationwidechildrens.org_clinical.TCGA-KK-A6E7.xml,TCGA-KK-A6E7,clinical,C:\Users\joshd\Documents\OpenSpecialtyRiskAtlas\10_urology_tcga_prad\data_raw\clinical_xml\nationwidechildrens.org_clinical.TCGA-KK-A6E7.xml,True,31262,
2438aee5-4ded-4740-ab33-684ac787d2d6,nationwidechildrens.org_clinical.TCGA-HC-8257.xml,TCGA-HC-8257,clinical,C:\Users\joshd\Documents\OpenSpecialtyRiskAtlas\10_urology_tcga_prad\data_raw\clinical_xml\nationwidechildrens.org_clinical.TCGA-HC-8257.xml,True,35962,
ec7ee5cd-b04b-4bd2-b277-7ac4f70f1169,nationwidechildrens.org_clinical.TCGA-HI-7168.xml,TCGA-HI-7168,clinical,C:\Users\joshd\Documents\OpenSpecialtyRiskAtlas\10_urology_tcga_prad\data_raw\clinical_xml\nationwidechildrens.org_clinical.TCGA-HI-7168.xml,True,62058,
8c6c14c3-bb8c-4b5a-8939-55f0c9daaf10,nationwidechildrens.org_clinical.TCGA-EJ-7792.xml,TCGA-EJ-7792,clinical,C:\Users\joshd\Documents\OpenSpecialtyRiskAtlas\10_urology_tcga_prad\data_raw\clinical_xml\nationwidechildrens.org_clinical.TCGA-EJ-7792.xml,True,38666,
1c898482-dc41-4128-b4f5-da4995ec32e2,nationwidechildrens.org_clinical.TCGA-EJ-7315.xml,TCGA-EJ-7315,clinical,C:\Users\joshd\Documents\OpenSpecialtyRiskAtlas\10_urology_tcga_prad\data_raw\clinical_xml\nationwidechildrens.org_clinical.TCGA-EJ-7315.xml,True,30676,
21b3132f-6862-4447-9e98-bc802846bd5d,nationwidechildrens.org_clinical.TCGA-YL-A8SA.xml,TCGA-YL-A8SA,clinical,C:\Users\joshd\Documents\OpenSpecialtyRiskAtlas\10_urology_tcga_prad\data_raw\clinical_xml\nationwidechildrens.org_clinical.TCGA-YL-A8SA.xml,True,35410,
2cfa08de-e13a-4820-82a3-e7ac9beab14d,nationwidechildrens.org_clinical.TCGA-J4-A67L.xml,TCGA-J4-A67L,clinical,C:\Users\joshd\Documents\OpenSpecialtyRiskAtlas\10_urology_tcga_prad\data_raw\clinical_xml\nationwidechildrens.org_clinical.TCGA-J4-A67L.xml,True,30819,
2248994a-c37a-45ef-9b1d-63edf4ead9a1,nationwidechildrens.org_clinical.TCGA-J9-A52B.xml,TCGA-J9-A52B,clinical,C:\Users\joshd\Documents\OpenSpecialtyRiskAtlas\10_urology_tcga_prad\data_raw\clinical_xml\nationwidechildrens.org_clinical.TCGA-J9-A52B.xml,True,35802,
223d20ae-285c-4629-a17c-59fb0dee70df,nationwidechildrens.org_clinical.TCGA-V1-A8MG.xml,TCGA-V1-A8MG,clinical,C:\Users\joshd\Documents\OpenSpecialtyRiskAtlas\10_urology_tcga_prad\data_raw\clinical_xml\nationwidechildrens.org_clinical.TCGA-V1-A8MG.xml,True,30296,
e2a5e8c5-d79a-40a4-acd0-c5627d0d63a5,nationwidechildrens.org_clinical.TCGA-KK-A8IL.xml,TCGA-KK-A8IL,clinical,C:\Users\joshd\Documents\OpenSpecialtyRiskAtlas\10_urology_tcga_prad\data_raw\clinical_xml\nationwidechildrens.org_clinical.TCGA-KK-A8IL.xml,True,22453,
11325950-452b-4294-98d1-b1cd43d4b6ee,nationwidechildrens.org_clinical.TCGA-V1-A9ZR.xml,TCGA-V1-A9ZR,clinical,C:\Users\joshd\Documents\OpenSpecialtyRiskAtlas\10_urology_tcga_prad\data_raw\clinical_xml\nationwidechildrens.org_clinical.TCGA-V1-A9ZR.xml,True,32869,
e9a771ea-69f1-405c-871a-5ac446f2c24c,nationwidechildrens.org_clinical.TCGA-J9-A52E.xml,TCGA-J9-A52E,clinical,C:\Users\joshd\Documents\OpenSpecialtyRiskAtlas\10_urology_tcga_prad\data_raw\clinical_xml\nationwidechildrens.org_clinical.TCGA-J9-A52E.xml,True,35726,
de3d1694-a95f-4409-b7ae-184c03b33556,nationwidechildrens.org_clinical.TCGA-HC-A8D1.xml,TCGA-HC-A8D1,clinical,C:\Users\joshd\Documents\OpenSpecialtyRiskAtlas\10_urology_tcga_prad\data_raw\clinical_xml\nationwidechildrens.org_clinical.TCGA-HC-A8D1.xml,True,30280,
f6a667ba-8328-49e6-a964-182b58480cb6,nationwidechildrens.org_clinical.TCGA-FC-A4JI.xml,TCGA-FC-A4JI,clinical,C:\Users\joshd\Documents\OpenSpecialtyRiskAtlas\10_urology_tcga_prad\data_raw\clinical_xml\nationwidechildrens.org_clinical.TCGA-FC-A4JI.xml,True,49721,
5fdd6f3a-e55d-44ef-8fd9-559507087f08,nationwidechildrens.org_clinical.TCGA-YL-A8HK.xml,TCGA-YL-A8HK,clinical,C:\Users\joshd\Documents\OpenSpecialtyRiskAtlas\10_urology_tcga_prad\data_raw\clinical_xml\nationwidechildrens.org_clinical.TCGA-YL-A8HK.xml,True,50050,
ccc5ce4a-1a83-4f5a-b10d-267d131b8658,nationwidechildrens.org_clinical.TCGA-VN-A88M.xml,TCGA-VN-A88M,clinical,C:\Users\joshd\Documents\OpenSpecialtyRiskAtlas\10_urology_tcga_prad\data_raw\clinical_xml\nationwidechildrens.org_clinical.TCGA-VN-A88M.xml,True,30102,
dea32c40-20a7-4f21-bda0-ea4448a741b7,nationwidechildrens.org_clinical.TCGA-KC-A7F5.xml,TCGA-KC-A7F5,clinical,C:\Users\joshd\Documents\OpenSpecialtyRiskAtlas\10_urology_tcga_prad\data_raw\clinical_xml\nationwidechildrens.org_clinical.TCGA-KC-A7F5.xml,True,22844,
1f2091f8-4826-4eb0-840b-9d5973adcf49,nationwidechildrens.org_clinical.TCGA-ZG-A9L0.xml,TCGA-ZG-A9L0,clinical,C:\Users\joshd\Documents\OpenSpecialtyRiskAtlas\10_urology_tcga_prad\data_raw\clinical_xml\nationwidechildrens.org_clinical.TCGA-ZG-A9L0.xml,True,30835,
34d8015f-c95c-48d6-a990-7cdca9d7cc2e,nationwidechildrens.org_clinical.TCGA-CH-5771.xml,TCGA-CH-5771,clinical,C:\Users\joshd\Documents\OpenSpecialtyRiskAtlas\10_urology_tcga_prad\data_raw\clinical_xml\nationwidechildrens.org_clinical.TCGA-CH-5771.xml,True,30404,
085725cd-ae6e-4c65-9db6-3b34c5147df1,nationwidechildrens.org_clinical.TCGA-G9-6343.xml,TCGA-G9-6343,clinical,C:\Users\joshd\Documents\OpenSpecialtyRiskAtlas\10_urology_tcga_prad\data_raw\clinical_xml\nationwidechildrens.org_clinical.TCGA-G9-6343.xml,True,38019,
c35d4887-1214-4a4d-aa01-5c5d7bdf4328,nationwidechildrens.org_clinical.TCGA-HC-A6HY.xml,TCGA-HC-A6HY,clinical,C:\Users\joshd\Documents\OpenSpecialtyRiskAtlas\10_urology_tcga_prad\data_raw\clinical_xml\nationwidechildrens.org_clinical.TCGA-HC-A6HY.xml,True,21686,
affd26a5-07dd-4a77-be49-dfae2257f708,nationwidechildrens.org_clinical.TCGA-V1-A9ZI.xml,TCGA-V1-A9ZI,clinical,C:\Users\joshd\Documents\OpenSpecialtyRiskAtlas\10_urology_tcga_prad\data_raw\clinical_xml\nationwidechildrens.org_clinical.TCGA-V1-A9ZI.xml,True,33079,
3761ee6e-520e-4a58-b76f-5d7e3e7390bd,nationwidechildrens.org_clinical.TCGA-EJ-A65E.xml,TCGA-EJ-A65E,clinical,C:\Users\joshd\Documents\OpenSpecialtyRiskAtlas\10_urology_tcga_prad\data_raw\clinical_xml\nationwidechildrens.org_clinical.TCGA-EJ-A65E.xml,True,30253,
3a3a312f-549b-487c-9ed3-23d91281d243,nationwidechildrens.org_clinical.TCGA-KK-A7AU.xml,TCGA-KK-A7AU,clinical,C:\Users\joshd\Documents\OpenSpecialtyRiskAtlas\10_urology_tcga_prad\data_raw\clinical_xml\nationwidechildrens.org_clinical.TCGA-KK-A7AU.xml,True,55563,
63d9123d-3331-4669-bbef-e9409bc6afc4,nationwidechildrens.org_clinical.TCGA-KK-A8IF.xml,TCGA-KK-A8IF,clinical,C:\Users\joshd\Documents\OpenSpecialtyRiskAtlas\10_urology_tcga_prad\data_raw\clinical_xml\nationwidechildrens.org_clinical.TCGA-KK-A8IF.xml,True,24853,
02507635-0c4e-4763-8fc6-8c06585909b4,nationwidechildrens.org_clinical.TCGA-M7-A722.xml,TCGA-M7-A722,clinical,C:\Users\joshd\Documents\OpenSpecialtyRiskAtlas\10_urology_tcga_prad\data_raw\clinical_xml\nationwidechildrens.org_clinical.TCGA-M7-A722.xml,True,33057,
08cafcb1-bf26-4496-9e01-a6395ff7455b,nationwidechildrens.org_clinical.TCGA-ZG-A9LY.xml,TCGA-ZG-A9LY,clinical,C:\Users\joshd\Documents\OpenSpecialtyRiskAtlas\10_urology_tcga_prad\data_raw\clinical_xml\nationwidechildrens.org_clinical.TCGA-ZG-A9LY.xml,True,35827,
3fcae117-495c-4e99-b443-08e256282436,nationwidechildrens.org_clinical.TCGA-HC-A6AN.xml,TCGA-HC-A6AN,clinical,C:\Users\joshd\Documents\OpenSpecialtyRiskAtlas\10_urology_tcga_prad\data_raw\clinical_xml\nationwidechildrens.org_clinical.TCGA-HC-A6AN.xml,True,21635,
a5ac9b63-0b2f-4c93-994a-91b65b699c62,nationwidechildrens.org_clinical.TCGA-J4-A67O.xml,TCGA-J4-A67O,clinical,C:\Users\joshd\Documents\OpenSpecialtyRiskAtlas\10_urology_tcga_prad\data_raw\clinical_xml\nationwidechildrens.org_clinical.TCGA-J4-A67O.xml,True,30316,
f647b1c9-f585-413c-844e-208f380c3efc,nationwidechildrens.org_clinical.TCGA-YL-A8SC.xml,TCGA-YL-A8SC,clinical,C:\Users\joshd\Documents\OpenSpecialtyRiskAtlas\10_urology_tcga_prad\data_raw\clinical_xml\nationwidechildrens.org_clinical.TCGA-YL-A8SC.xml,True,45178,
42a0d8c5-d662-409c-ada3-f10d62563e8c,nationwidechildrens.org_clinical.TCGA-J4-A67T.xml,TCGA-J4-A67T,clinical,C:\Users\joshd\Documents\OpenSpecialtyRiskAtlas\10_urology_tcga_prad\data_raw\clinical_xml\nationwidechildrens.org_clinical.TCGA-J4-A67T.xml,True,30355,
4614ed1f-d601-4a6f-b653-9b50e5527ed7,nationwidechildrens.org_clinical.TCGA-EJ-5524.xml,TCGA-EJ-5524,clinical,C:\Users\joshd\Documents\OpenSpecialtyRiskAtlas\10_urology_tcga_prad\data_raw\clinical_xml\nationwidechildrens.org_clinical.TCGA-EJ-5524.xml,True,43383,
6e5f1abb-2020-40cd-8352-d686ab79c4a6,nationwidechildrens.org_clinical.TCGA-VP-A878.xml,TCGA-VP-A878,clinical,C:\Users\joshd\Documents\OpenSpecialtyRiskAtlas\10_urology_tcga_prad\data_raw\clinical_xml\nationwidechildrens.org_clinical.TCGA-VP-A878.xml,True,45192,
45577bc6-8a57-4a6e-9b80-bd2d31246c3e,nationwidechildrens.org_clinical.TCGA-2A-AAYF.xml,TCGA-2A-AAYF,clinical,C:\Users\joshd\Documents\OpenSpecialtyRiskAtlas\10_urology_tcga_prad\data_raw\clinical_xml\nationwidechildrens.org_clinical.TCGA-2A-AAYF.xml,True,30747,
1357f3de-386a-4d68-9d31-1f6c15e2b856,nationwidechildrens.org_clinical.TCGA-EJ-7784.xml,TCGA-EJ-7784,clinical,C:\Users\joshd\Documents\OpenSpecialtyRiskAtlas\10_urology_tcga_prad\data_raw\clinical_xml\nationwidechildrens.org_clinical.TCGA-EJ-7784.xml,True,38612,
5ea66780-d6c2-42fe-9a72-043f44d178d5,nationwidechildrens.org_clinical.TCGA-EJ-7325.xml,TCGA-EJ-7325,clinical,C:\Users\joshd\Documents\OpenSpecialtyRiskAtlas\10_urology_tcga_prad\data_raw\clinical_xml\nationwidechildrens.org_clinical.TCGA-EJ-7325.xml,True,30290,
204a6a27-5fb5-4e4e-bc84-a382aa8ba43d,nationwidechildrens.org_clinical.TCGA-2A-A8VL.xml,TCGA-2A-A8VL,clinical,C:\Users\joshd\Documents\OpenSpecialtyRiskAtlas\10_urology_tcga_prad\data_raw\clinical_xml\nationwidechildrens.org_clinical.TCGA-2A-A8VL.xml,True,30486,
ddfea312-68ac-4827-8d95-8a1065a382a0,nationwidechildrens.org_clinical.TCGA-YL-A8S8.xml,TCGA-YL-A8S8,clinical,C:\Users\joshd\Documents\OpenSpecialtyRiskAtlas\10_urology_tcga_prad\data_raw\clinical_xml\nationwidechildrens.org_clinical.TCGA-YL-A8S8.xml,True,38489,
c37315d5-e51f-4cd7-9e60-5de4a22876ef,nationwidechildrens.org_clinical.TCGA-EJ-5519.xml,TCGA-EJ-5519,clinical,C:\Users\joshd\Documents\OpenSpecialtyRiskAtlas\10_urology_tcga_prad\data_raw\clinical_xml\nationwidechildrens.org_clinical.TCGA-EJ-5519.xml,True,39109,
b2858fb4-90b9-4c4c-85e1-370d98169562,nationwidechildrens.org_clinical.TCGA-CH-5737.xml,TCGA-CH-5737,clinical,C:\Users\joshd\Documents\OpenSpecialtyRiskAtlas\10_urology_tcga_prad\data_raw\clinical_xml\nationwidechildrens.org_clinical.TCGA-CH-5737.xml,True,22027,
5e224524-ed5f-4411-a5cd-bac297a51a28,nationwidechildrens.org_omf.TCGA-KK-A7B4.xml,TCGA-KK-A7B4,omf,C:\Users\joshd\Documents\OpenSpecialtyRiskAtlas\10_urology_tcga_prad\data_raw\clinical_xml\nationwidechildrens.org_omf.TCGA-KK-A7B4.xml,True,11153,
96583aac-007e-4a0e-9173-bd08a3c6bcbb,nationwidechildrens.org_clinical.TCGA-HC-8212.xml,TCGA-HC-8212,clinical,C:\Users\joshd\Documents\OpenSpecialtyRiskAtlas\10_urology_tcga_prad\data_raw\clinical_xml\nationwidechildrens.org_clinical.TCGA-HC-8212.xml,True,30336,
8b3ed853-5730-4100-bba5-64c45a1450a5,nationwidechildrens.org_clinical.TCGA-X4-A8KQ.xml,TCGA-X4-A8KQ,clinical,C:\Users\joshd\Documents\OpenSpecialtyRiskAtlas\10_urology_tcga_prad\data_raw\clinical_xml\nationwidechildrens.org_clinical.TCGA-X4-A8KQ.xml,True,40960,
864b59fe-8057-40b0-a278-55aa589a9e26,nationwidechildrens.org_clinical.TCGA-X4-A8KS.xml,TCGA-X4-A8KS,clinical,C:\Users\joshd\Documents\OpenSpecialtyRiskAtlas\10_urology_tcga_prad\data_raw\clinical_xml\nationwidechildrens.org_clinical.TCGA-X4-A8KS.xml,True,30224,
1092dc2a-5473-48f2-a5dc-8f3c8123c9af,nationwidechildrens.org_clinical.TCGA-V1-A8MF.xml,TCGA-V1-A8MF,clinical,C:\Users\joshd\Documents\OpenSpecialtyRiskAtlas\10_urology_tcga_prad\data_raw\clinical_xml\nationwidechildrens.org_clinical.TCGA-V1-A8MF.xml,True,32719,
82ffcbc2-b701-484c-a02c-7cdc45264fd9,nationwidechildrens.org_clinical.TCGA-J4-A83I.xml,TCGA-J4-A83I,clinical,C:\Users\joshd\Documents\OpenSpecialtyRiskAtlas\10_urology_tcga_prad\data_raw\clinical_xml\nationwidechildrens.org_clinical.TCGA-J4-A83I.xml,True,30824,
a781214a-4743-485f-8b45-2022a4497e70,nationwidechildrens.org_clinical.TCGA-XA-A8JR.xml,TCGA-XA-A8JR,clinical,C:\Users\joshd\Documents\OpenSpecialtyRiskAtlas\10_urology_tcga_prad\data_raw\clinical_xml\nationwidechildrens.org_clinical.TCGA-XA-A8JR.xml,True,30120,
5d7a7b36-99a2-43b5-b860-b05a1c9c1b66,nationwidechildrens.org_clinical.TCGA-EJ-5507.xml,TCGA-EJ-5507,clinical,C:\Users\joshd\Documents\OpenSpecialtyRiskAtlas\10_urology_tcga_prad\data_raw\clinical_xml\nationwidechildrens.org_clinical.TCGA-EJ-5507.xml,True,38916,
e468c5ad-fcad-458b-b5a6-b16facc51445,nationwidechildrens.org_clinical.TCGA-J9-A8CP.xml,TCGA-J9-A8CP,clinical,C:\Users\joshd\Documents\OpenSpecialtyRiskAtlas\10_urology_tcga_prad\data_raw\clinical_xml\nationwidechildrens.org_clinical.TCGA-J9-A8CP.xml,True,22140,
874a62d9-75ab-4f9c-9783-37189573c6f4,nationwidechildrens.org_clinical.TCGA-YL-A8SO.xml,TCGA-YL-A8SO,clinical,C:\Users\joshd\Documents\OpenSpecialtyRiskAtlas\10_urology_tcga_prad\data_raw\clinical_xml\nationwidechildrens.org_clinical.TCGA-YL-A8SO.xml,True,41933,
78b88b9a-20ac-4da0-901d-400f0fd3de3b,nationwidechildrens.org_clinical.TCGA-CH-5746.xml,TCGA-CH-5746,clinical,C:\Users\joshd\Documents\OpenSpecialtyRiskAtlas\10_urology_tcga_prad\data_raw\clinical_xml\nationwidechildrens.org_clinical.TCGA-CH-5746.xml,True,30368,
2445c097-99f2-4d92-a860-de1a706cc964,nationwidechildrens.org_omf.TCGA-HC-A76W.xml,TCGA-HC-A76W,omf,C:\Users\joshd\Documents\OpenSpecialtyRiskAtlas\10_urology_tcga_prad\data_raw\clinical_xml\nationwidechildrens.org_omf.TCGA-HC-A76W.xml,True,11106,
82ad535e-4969-4dd0-bf9b-2c609012f3ee,nationwidechildrens.org_clinical.TCGA-VP-A87H.xml,TCGA-VP-A87H,clinical,C:\Users\joshd\Documents\OpenSpecialtyRiskAtlas\10_urology_tcga_prad\data_raw\clinical_xml\nationwidechildrens.org_clinical.TCGA-VP-A87H.xml,True,30731,
4ad2fa45-003e-4ac2-8246-aee60b2a7342,nationwidechildrens.org_clinical.TCGA-HC-7745.xml,TCGA-HC-7745,clinical,C:\Users\joshd\Documents\OpenSpecialtyRiskAtlas\10_urology_tcga_prad\data_raw\clinical_xml\nationwidechildrens.org_clinical.TCGA-HC-7745.xml,True,30016,
fde48d4d-b926-4baa-94e2-cdfcb9628249,nationwidechildrens.org_clinical.TCGA-HI-7170.xml,TCGA-HI-7170,clinical,C:\Users\joshd\Documents\OpenSpecialtyRiskAtlas\10_urology_tcga_prad\data_raw\clinical_xml\nationwidechildrens.org_clinical.TCGA-HI-7170.xml,True,30528,
b2018615-d912-4383-b2ec-8f9b728029cd,nationwidechildrens.org_clinical.TCGA-YL-A8HJ.xml,TCGA-YL-A8HJ,clinical,C:\Users\joshd\Documents\OpenSpecialtyRiskAtlas\10_urology_tcga_prad\data_raw\clinical_xml\nationwidechildrens.org_clinical.TCGA-YL-A8HJ.xml,True,49762,
e0e2987e-9f77-4f19-8bc1-0ed2a87457af,nationwidechildrens.org_clinical.TCGA-M7-A721.xml,TCGA-M7-A721,clinical,C:\Users\joshd\Documents\OpenSpecialtyRiskAtlas\10_urology_tcga_prad\data_raw\clinical_xml\nationwidechildrens.org_clinical.TCGA-M7-A721.xml,True,30740,
145928ef-54cd-44ee-808e-f87e389b84a8,nationwidechildrens.org_clinical.TCGA-V1-A8ML.xml,TCGA-V1-A8ML,clinical,C:\Users\joshd\Documents\OpenSpecialtyRiskAtlas\10_urology_tcga_prad\data_raw\clinical_xml\nationwidechildrens.org_clinical.TCGA-V1-A8ML.xml,True,32717,
8055045b-029c-4676-96a7-30c039a1b5d0,nationwidechildrens.org_clinical.TCGA-J4-A67M.xml,TCGA-J4-A67M,clinical,C:\Users\joshd\Documents\OpenSpecialtyRiskAtlas\10_urology_tcga_prad\data_raw\clinical_xml\nationwidechildrens.org_clinical.TCGA-J4-A67M.xml,True,30824,
74336da2-5c30-44a4-9706-e4ec21566dc0,nationwidechildrens.org_clinical.TCGA-HC-7210.xml,TCGA-HC-7210,clinical,C:\Users\joshd\Documents\OpenSpecialtyRiskAtlas\10_urology_tcga_prad\data_raw\clinical_xml\nationwidechildrens.org_clinical.TCGA-HC-7210.xml,True,29971,
ca64b860-d8d8-4c93-b615-f69c2352e70c,nationwidechildrens.org_clinical.TCGA-KK-A8ID.xml,TCGA-KK-A8ID,clinical,C:\Users\joshd\Documents\OpenSpecialtyRiskAtlas\10_urology_tcga_prad\data_raw\clinical_xml\nationwidechildrens.org_clinical.TCGA-KK-A8ID.xml,True,36907,
8ca8ef4c-0ead-42b0-ae7d-30ac63ce8e83,nationwidechildrens.org_clinical.TCGA-V1-A9OH.xml,TCGA-V1-A9OH,clinical,C:\Users\joshd\Documents\OpenSpecialtyRiskAtlas\10_urology_tcga_prad\data_raw\clinical_xml\nationwidechildrens.org_clinical.TCGA-V1-A9OH.xml,True,32478,
36d76a28-1a58-4978-b5cf-ba4aa5494ed7,nationwidechildrens.org_clinical.TCGA-TP-A8TV.xml,TCGA-TP-A8TV,clinical,C:\Users\joshd\Documents\OpenSpecialtyRiskAtlas\10_urology_tcga_prad\data_raw\clinical_xml\nationwidechildrens.org_clinical.TCGA-TP-A8TV.xml,True,43767,
672c9591-4665-472a-8d0c-5b15ef5a33e0,nationwidechildrens.org_clinical.TCGA-EJ-5498.xml,TCGA-EJ-5498,clinical,C:\Users\joshd\Documents\OpenSpecialtyRiskAtlas\10_urology_tcga_prad\data_raw\clinical_xml\nationwidechildrens.org_clinical.TCGA-EJ-5498.xml,True,38663,
908f00d1-e45c-45b3-9d66-cb39a0e9bc90,nationwidechildrens.org_clinical.TCGA-YJ-A8SW.xml,TCGA-YJ-A8SW,clinical,C:\Users\joshd\Documents\OpenSpecialtyRiskAtlas\10_urology_tcga_prad\data_raw\clinical_xml\nationwidechildrens.org_clinical.TCGA-YJ-A8SW.xml,True,21591,
1e7d77de-7612-4e4e-ad0e-edb3a6a58217,nationwidechildrens.org_clinical.TCGA-2A-A8VV.xml,TCGA-2A-A8VV,clinical,C:\Users\joshd\Documents\OpenSpecialtyRiskAtlas\10_urology_tcga_prad\data_raw\clinical_xml\nationwidechildrens.org_clinical.TCGA-2A-A8VV.xml,True,30686,
46b6406f-6df4-44f7-b7a0-b2d3d6bdd103,nationwidechildrens.org_clinical.TCGA-KK-A7AZ.xml,TCGA-KK-A7AZ,clinical,C:\Users\joshd\Documents\OpenSpecialtyRiskAtlas\10_urology_tcga_prad\data_raw\clinical_xml\nationwidechildrens.org_clinical.TCGA-KK-A7AZ.xml,True,30253,
938d9315-8730-4534-86ec-ffce20eb64cb,nationwidechildrens.org_clinical.TCGA-KK-A8IB.xml,TCGA-KK-A8IB,clinical,C:\Users\joshd\Documents\OpenSpecialtyRiskAtlas\10_urology_tcga_prad\data_raw\clinical_xml\nationwidechildrens.org_clinical.TCGA-KK-A8IB.xml,True,22102,
382e6866-eaea-44f7-9f71-bdc9e5923082,nationwidechildrens.org_omf.TCGA-EJ-A65J.xml,TCGA-EJ-A65J,omf,C:\Users\joshd\Documents\OpenSpecialtyRiskAtlas\10_urology_tcga_prad\data_raw\clinical_xml\nationwidechildrens.org_omf.TCGA-EJ-A65J.xml,True,19662,
c349abc7-b5d2-4339-8d96-e4c83027fe50,nationwidechildrens.org_clinical.TCGA-G9-6348.xml,TCGA-G9-6348,clinical,C:\Users\joshd\Documents\OpenSpecialtyRiskAtlas\10_urology_tcga_prad\data_raw\clinical_xml\nationwidechildrens.org_clinical.TCGA-G9-6348.xml,True,30606,
f0a6d4d9-a58a-4f25-b05c-cee7c53291ea,nationwidechildrens.org_clinical.TCGA-HC-8256.xml,TCGA-HC-8256,clinical,C:\Users\joshd\Documents\OpenSpecialtyRiskAtlas\10_urology_tcga_prad\data_raw\clinical_xml\nationwidechildrens.org_clinical.TCGA-HC-8256.xml,True,30080,
e2e7b470-c21f-4f4b-bc6e-83526fbd478d,nationwidechildrens.org_clinical.TCGA-2A-A8VT.xml,TCGA-2A-A8VT,clinical,C:\Users\joshd\Documents\OpenSpecialtyRiskAtlas\10_urology_tcga_prad\data_raw\clinical_xml\nationwidechildrens.org_clinical.TCGA-2A-A8VT.xml,True,41502,
f872a046-0e78-4b84-922f-a52cf7d5265f,nationwidechildrens.org_clinical.TCGA-HC-7740.xml,TCGA-HC-7740,clinical,C:\Users\joshd\Documents\OpenSpecialtyRiskAtlas\10_urology_tcga_prad\data_raw\clinical_xml\nationwidechildrens.org_clinical.TCGA-HC-7740.xml,True,30552,
ae85e6fa-87f6-47b6-9744-ce9b660b525c,nationwidechildrens.org_clinical.TCGA-ZG-A9LM.xml,TCGA-ZG-A9LM,clinical,C:\Users\joshd\Documents\OpenSpecialtyRiskAtlas\10_urology_tcga_prad\data_raw\clinical_xml\nationwidechildrens.org_clinical.TCGA-ZG-A9LM.xml,True,30720,
c0d1c268-6ea1-4a16-8cd4-91e7b38871a7,nationwidechildrens.org_omf.TCGA-EJ-A46G.xml,TCGA-EJ-A46G,omf,C:\Users\joshd\Documents\OpenSpecialtyRiskAtlas\10_urology_tcga_prad\data_raw\clinical_xml\nationwidechildrens.org_omf.TCGA-EJ-A46G.xml,True,10949,
97f594f5-54fa-4125-9289-dfe87ea07b70,nationwidechildrens.org_clinical.TCGA-EJ-A46G.xml,TCGA-EJ-A46G,clinical,C:\Users\joshd\Documents\OpenSpecialtyRiskAtlas\10_urology_tcga_prad\data_raw\clinical_xml\nationwidechildrens.org_clinical.TCGA-EJ-A46G.xml,True,30500,
68384cbb-2efb-4adf-b0c1-24d95562fc5c,nationwidechildrens.org_clinical.TCGA-EJ-A46D.xml,TCGA-EJ-A46D,clinical,C:\Users\joshd\Documents\OpenSpecialtyRiskAtlas\10_urology_tcga_prad\data_raw\clinical_xml\nationwidechildrens.org_clinical.TCGA-EJ-A46D.xml,True,30358,
df56628d-e4c1-4d85-be54-facd1d9abe94,nationwidechildrens.org_clinical.TCGA-ZG-A9M4.xml,TCGA-ZG-A9M4,clinical,C:\Users\joshd\Documents\OpenSpecialtyRiskAtlas\10_urology_tcga_prad\data_raw\clinical_xml\nationwidechildrens.org_clinical.TCGA-ZG-A9M4.xml,True,33478,
d90c3dec-e4d4-41e1-8d06-505796344c4e,nationwidechildrens.org_clinical.TCGA-2A-A8VX.xml,TCGA-2A-A8VX,clinical,C:\Users\joshd\Documents\OpenSpecialtyRiskAtlas\10_urology_tcga_prad\data_raw\clinical_xml\nationwidechildrens.org_clinical.TCGA-2A-A8VX.xml,True,30510,
fb8abb14-1f9e-4053-8966-0dc7c30653b8,nationwidechildrens.org_clinical.TCGA-V1-A8MK.xml,TCGA-V1-A8MK,clinical,C:\Users\joshd\Documents\OpenSpecialtyRiskAtlas\10_urology_tcga_prad\data_raw\clinical_xml\nationwidechildrens.org_clinical.TCGA-V1-A8MK.xml,True,32643,
e76d6bde-5da2-42dc-9fe0-48470c615dde,nationwidechildrens.org_clinical.TCGA-KC-A4BO.xml,TCGA-KC-A4BO,clinical,C:\Users\joshd\Documents\OpenSpecialtyRiskAtlas\10_urology_tcga_prad\data_raw\clinical_xml\nationwidechildrens.org_clinical.TCGA-KC-A4BO.xml,True,22595,
e0209dae-b81c-4a33-b384-51b4c822bf7c,nationwidechildrens.org_clinical.TCGA-MG-AAMC.xml,TCGA-MG-AAMC,clinical,C:\Users\joshd\Documents\OpenSpecialtyRiskAtlas\10_urology_tcga_prad\data_raw\clinical_xml\nationwidechildrens.org_clinical.TCGA-MG-AAMC.xml,True,30054,
1de7a582-abe9-4ec1-adec-ce3e3f50b320,nationwidechildrens.org_clinical.TCGA-TP-A8TT.xml,TCGA-TP-A8TT,clinical,C:\Users\joshd\Documents\OpenSpecialtyRiskAtlas\10_urology_tcga_prad\data_raw\clinical_xml\nationwidechildrens.org_clinical.TCGA-TP-A8TT.xml,True,35582,
4be3336e-59ef-43a7-a367-817d1ede9f0b,nationwidechildrens.org_clinical.TCGA-HC-7820.xml,TCGA-HC-7820,clinical,C:\Users\joshd\Documents\OpenSpecialtyRiskAtlas\10_urology_tcga_prad\data_raw\clinical_xml\nationwidechildrens.org_clinical.TCGA-HC-7820.xml,True,29830,
c9d41fac-97c6-44ca-9a92-b2a4946c645c,nationwidechildrens.org_clinical.TCGA-VN-A88K.xml,TCGA-VN-A88K,clinical,C:\Users\joshd\Documents\OpenSpecialtyRiskAtlas\10_urology_tcga_prad\data_raw\clinical_xml\nationwidechildrens.org_clinical.TCGA-VN-A88K.xml,True,36790,
f62fc3d8-7870-4517-a9b3-ccb47a6c9f93,nationwidechildrens.org_clinical.TCGA-J4-8198.xml,TCGA-J4-8198,clinical,C:\Users\joshd\Documents\OpenSpecialtyRiskAtlas\10_urology_tcga_prad\data_raw\clinical_xml\nationwidechildrens.org_clinical.TCGA-J4-8198.xml,True,30577,
66e7adda-1525-4d4c-9b63-c59eeb09d1f0,nationwidechildrens.org_clinical.TCGA-CH-5766.xml,TCGA-CH-5766,clinical,C:\Users\joshd\Documents\OpenSpecialtyRiskAtlas\10_urology_tcga_prad\data_raw\clinical_xml\nationwidechildrens.org_clinical.TCGA-CH-5766.xml,True,21951,
3d66a356-6f0e-4f83-9f15-03272aec815d,nationwidechildrens.org_clinical.TCGA-CH-5794.xml,TCGA-CH-5794,clinical,C:\Users\joshd\Documents\OpenSpecialtyRiskAtlas\10_urology_tcga_prad\data_raw\clinical_xml\nationwidechildrens.org_clinical.TCGA-CH-5794.xml,True,30414,
a9201fd8-48df-4985-b0b4-13f43ddb3c70,nationwidechildrens.org_clinical.TCGA-G9-6384.xml,TCGA-G9-6384,clinical,C:\Users\joshd\Documents\OpenSpecialtyRiskAtlas\10_urology_tcga_prad\data_raw\clinical_xml\nationwidechildrens.org_clinical.TCGA-G9-6384.xml,True,30394,
be3f82da-e017-4a55-b27f-555fc849f523,nationwidechildrens.org_clinical.TCGA-G9-A9S4.xml,TCGA-G9-A9S4,clinical,C:\Users\joshd\Documents\OpenSpecialtyRiskAtlas\10_urology_tcga_prad\data_raw\clinical_xml\nationwidechildrens.org_clinical.TCGA-G9-A9S4.xml,True,39263,
daef00fc-45fe-4b32-a6f6-f34a05cafa3e,nationwidechildrens.org_clinical.TCGA-V1-A8MU.xml,TCGA-V1-A8MU,clinical,C:\Users\joshd\Documents\OpenSpecialtyRiskAtlas\10_urology_tcga_prad\data_raw\clinical_xml\nationwidechildrens.org_clinical.TCGA-V1-A8MU.xml,True,38895,
2e532aac-3e81-4ede-9c77-167f52cfd853,nationwidechildrens.org_clinical.TCGA-KC-A4BV.xml,TCGA-KC-A4BV,clinical,C:\Users\joshd\Documents\OpenSpecialtyRiskAtlas\10_urology_tcga_prad\data_raw\clinical_xml\nationwidechildrens.org_clinical.TCGA-KC-A4BV.xml,True,25346,
8a98b264-d3a5-42a6-9ff6-e5787fd5ea0d,nationwidechildrens.org_clinical.TCGA-KK-A7B3.xml,TCGA-KK-A7B3,clinical,C:\Users\joshd\Documents\OpenSpecialtyRiskAtlas\10_urology_tcga_prad\data_raw\clinical_xml\nationwidechildrens.org_clinical.TCGA-KK-A7B3.xml,True,31194,
0fd85cd5-7d66-45c1-8571-d3a6877d9b8c,nationwidechildrens.org_clinical.TCGA-EJ-A6RC.xml,TCGA-EJ-A6RC,clinical,C:\Users\joshd\Documents\OpenSpecialtyRiskAtlas\10_urology_tcga_prad\data_raw\clinical_xml\nationwidechildrens.org_clinical.TCGA-EJ-A6RC.xml,True,30305,
160def91-6aef-4754-a013-4e3a18305636,nationwidechildrens.org_clinical.TCGA-ZG-A8QX.xml,TCGA-ZG-A8QX,clinical,C:\Users\joshd\Documents\OpenSpecialtyRiskAtlas\10_urology_tcga_prad\data_raw\clinical_xml\nationwidechildrens.org_clinical.TCGA-ZG-A8QX.xml,True,30050,
5e6288d3-0386-49b6-8329-9e652d568750,nationwidechildrens.org_clinical.TCGA-ZG-A9KY.xml,TCGA-ZG-A9KY,clinical,C:\Users\joshd\Documents\OpenSpecialtyRiskAtlas\10_urology_tcga_prad\data_raw\clinical_xml\nationwidechildrens.org_clinical.TCGA-ZG-A9KY.xml,True,32999,
44be2dcd-3d29-4cd1-8c26-5965c23c3c58,nationwidechildrens.org_clinical.TCGA-G9-6363.xml,TCGA-G9-6363,clinical,C:\Users\joshd\Documents\OpenSpecialtyRiskAtlas\10_urology_tcga_prad\data_raw\clinical_xml\nationwidechildrens.org_clinical.TCGA-G9-6363.xml,True,38606,
40327302-5b10-4884-8ee1-a71720ea3630,nationwidechildrens.org_clinical.TCGA-KK-A6DY.xml,TCGA-KK-A6DY,clinical,C:\Users\joshd\Documents\OpenSpecialtyRiskAtlas\10_urology_tcga_prad\data_raw\clinical_xml\nationwidechildrens.org_clinical.TCGA-KK-A6DY.xml,True,30597,
d095dfa0-390f-41f4-ab91-21b84e14721a,nationwidechildrens.org_clinical.TCGA-YL-A9WK.xml,TCGA-YL-A9WK,clinical,C:\Users\joshd\Documents\OpenSpecialtyRiskAtlas\10_urology_tcga_prad\data_raw\clinical_xml\nationwidechildrens.org_clinical.TCGA-YL-A9WK.xml,True,65240,
fc64147f-9812-4550-a235-09d6bf9ecbee,nationwidechildrens.org_clinical.TCGA-XJ-A83G.xml,TCGA-XJ-A83G,clinical,C:\Users\joshd\Documents\OpenSpecialtyRiskAtlas\10_urology_tcga_prad\data_raw\clinical_xml\nationwidechildrens.org_clinical.TCGA-XJ-A83G.xml,True,30607,
8dc2caea-e640-46a9-813d-1ef9c4fb693e,nationwidechildrens.org_clinical.TCGA-Y6-A9XI.xml,TCGA-Y6-A9XI,clinical,C:\Users\joshd\Documents\OpenSpecialtyRiskAtlas\10_urology_tcga_prad\data_raw\clinical_xml\nationwidechildrens.org_clinical.TCGA-Y6-A9XI.xml,True,30165,
d198b3c5-6d3f-4ebe-a750-c5e9ef7e5f29,nationwidechildrens.org_clinical.TCGA-EJ-A7NN.xml,TCGA-EJ-A7NN,clinical,C:\Users\joshd\Documents\OpenSpecialtyRiskAtlas\10_urology_tcga_prad\data_raw\clinical_xml\nationwidechildrens.org_clinical.TCGA-EJ-A7NN.xml,True,32635,
a6266af1-bec7-4dcc-8969-3205dc9bfb4f,nationwidechildrens.org_clinical.TCGA-ZG-A9LZ.xml,TCGA-ZG-A9LZ,clinical,C:\Users\joshd\Documents\OpenSpecialtyRiskAtlas\10_urology_tcga_prad\data_raw\clinical_xml\nationwidechildrens.org_clinical.TCGA-ZG-A9LZ.xml,True,38297,
764aaad9-9157-481b-88ce-f7904c6dcce2,nationwidechildrens.org_clinical.TCGA-G9-6496.xml,TCGA-G9-6496,clinical,C:\Users\joshd\Documents\OpenSpecialtyRiskAtlas\10_urology_tcga_prad\data_raw\clinical_xml\nationwidechildrens.org_clinical.TCGA-G9-6496.xml,True,30620,
e0cc9ce7-fa6e-432b-9322-b2e60f2a1347,nationwidechildrens.org_clinical.TCGA-HC-7232.xml,TCGA-HC-7232,clinical,C:\Users\joshd\Documents\OpenSpecialtyRiskAtlas\10_urology_tcga_prad\data_raw\clinical_xml\nationwidechildrens.org_clinical.TCGA-HC-7232.xml,True,34785,
1647c57f-881a-4617-8c7e-5ed1c0c343b4,nationwidechildrens.org_clinical.TCGA-G9-6339.xml,TCGA-G9-6339,clinical,C:\Users\joshd\Documents\OpenSpecialtyRiskAtlas\10_urology_tcga_prad\data_raw\clinical_xml\nationwidechildrens.org_clinical.TCGA-G9-6339.xml,True,46435,
7ce7b2da-1039-485c-8262-163734ed226c,nationwidechildrens.org_clinical.TCGA-XK-AAJA.xml,TCGA-XK-AAJA,clinical,C:\Users\joshd\Documents\OpenSpecialtyRiskAtlas\10_urology_tcga_prad\data_raw\clinical_xml\nationwidechildrens.org_clinical.TCGA-XK-AAJA.xml,True,22459,
07701d94-3416-49a5-b4cc-fcdc1c514095,nationwidechildrens.org_clinical.TCGA-EJ-A65M.xml,TCGA-EJ-A65M,clinical,C:\Users\joshd\Documents\OpenSpecialtyRiskAtlas\10_urology_tcga_prad\data_raw\clinical_xml\nationwidechildrens.org_clinical.TCGA-EJ-A65M.xml,True,30220,
749cfc81-165e-4a4d-86f9-bbd9d264e644,nationwidechildrens.org_clinical.TCGA-G9-6371.xml,TCGA-G9-6371,clinical,C:\Users\joshd\Documents\OpenSpecialtyRiskAtlas\10_urology_tcga_prad\data_raw\clinical_xml\nationwidechildrens.org_clinical.TCGA-G9-6371.xml,True,30296,
006c94dc-232f-45b7-a853-895a459563fb,nationwidechildrens.org_clinical.TCGA-QU-A6IL.xml,TCGA-QU-A6IL,clinical,C:\Users\joshd\Documents\OpenSpecialtyRiskAtlas\10_urology_tcga_prad\data_raw\clinical_xml\nationwidechildrens.org_clinical.TCGA-QU-A6IL.xml,True,30525,
d49d9cfd-ffb4-4ab7-898b-c0c0ce902d07,nationwidechildrens.org_clinical.TCGA-G9-6361.xml,TCGA-G9-6361,clinical,C:\Users\joshd\Documents\OpenSpecialtyRiskAtlas\10_urology_tcga_prad\data_raw\clinical_xml\nationwidechildrens.org_clinical.TCGA-G9-6361.xml,True,30621,
0e558ba9-2e6d-48ca-b715-9ad4600b1372,nationwidechildrens.org_clinical.TCGA-EJ-A7NM.xml,TCGA-EJ-A7NM,clinical,C:\Users\joshd\Documents\OpenSpecialtyRiskAtlas\10_urology_tcga_prad\data_raw\clinical_xml\nationwidechildrens.org_clinical.TCGA-EJ-A7NM.xml,True,30253,
49c4d445-d74c-4da1-be2b-804ca00fc05c,nationwidechildrens.org_clinical.TCGA-CH-5762.xml,TCGA-CH-5762,clinical,C:\Users\joshd\Documents\OpenSpecialtyRiskAtlas\10_urology_tcga_prad\data_raw\clinical_xml\nationwidechildrens.org_clinical.TCGA-CH-5762.xml,True,30345,
f0fb33fc-b2b0-4949-8356-7b7d93f3c1c2,nationwidechildrens.org_clinical.TCGA-KK-A7B2.xml,TCGA-KK-A7B2,clinical,C:\Users\joshd\Documents\OpenSpecialtyRiskAtlas\10_urology_tcga_prad\data_raw\clinical_xml\nationwidechildrens.org_clinical.TCGA-KK-A7B2.xml,True,31274,
43d007b2-3458-403c-b847-94df016b0f0a,nationwidechildrens.org_clinical.TCGA-HC-A6AS.xml,TCGA-HC-A6AS,clinical,C:\Users\joshd\Documents\OpenSpecialtyRiskAtlas\10_urology_tcga_prad\data_raw\clinical_xml\nationwidechildrens.org_clinical.TCGA-HC-A6AS.xml,True,21913,
80a56fa8-7a69-4a07-92df-ace9f794aed4,nationwidechildrens.org_clinical.TCGA-G9-6377.xml,TCGA-G9-6377,clinical,C:\Users\joshd\Documents\OpenSpecialtyRiskAtlas\10_urology_tcga_prad\data_raw\clinical_xml\nationwidechildrens.org_clinical.TCGA-G9-6377.xml,True,30613,
0506979a-836b-4c69-9a4b-f784acecbc5b,nationwidechildrens.org_clinical.TCGA-HC-8260.xml,TCGA-HC-8260,clinical,C:\Users\joshd\Documents\OpenSpecialtyRiskAtlas\10_urology_tcga_prad\data_raw\clinical_xml\nationwidechildrens.org_clinical.TCGA-HC-8260.xml,True,30161,
eead0b43-f91c-4240-b773-9a2ce93bea43,nationwidechildrens.org_clinical.TCGA-HC-7742.xml,TCGA-HC-7742,clinical,C:\Users\joshd\Documents\OpenSpecialtyRiskAtlas\10_urology_tcga_prad\data_raw\clinical_xml\nationwidechildrens.org_clinical.TCGA-HC-7742.xml,True,36019,
02c8e3f3-bd60-43d8-9556-286924d3eb0b,nationwidechildrens.org_clinical.TCGA-ZG-A9L1.xml,TCGA-ZG-A9L1,clinical,C:\Users\joshd\Documents\OpenSpecialtyRiskAtlas\10_urology_tcga_prad\data_raw\clinical_xml\nationwidechildrens.org_clinical.TCGA-ZG-A9L1.xml,True,37867,
74ef68ec-c13a-46be-bcaf-b5dbbf98ffc7,nationwidechildrens.org_clinical.TCGA-V1-A9OQ.xml,TCGA-V1-A9OQ,clinical,C:\Users\joshd\Documents\OpenSpecialtyRiskAtlas\10_urology_tcga_prad\data_raw\clinical_xml\nationwidechildrens.org_clinical.TCGA-V1-A9OQ.xml,True,32627,
d65f3b79-7018-4f5f-b487-df897b8df2f6,nationwidechildrens.org_clinical.TCGA-YL-A9WJ.xml,TCGA-YL-A9WJ,clinical,C:\Users\joshd\Documents\OpenSpecialtyRiskAtlas\10_urology_tcga_prad\data_raw\clinical_xml\nationwidechildrens.org_clinical.TCGA-YL-A9WJ.xml,True,38354,
6ff0f9e8-0a08-4cfc-b71e-e7c1fdced44d,nationwidechildrens.org_clinical.TCGA-G9-6378.xml,TCGA-G9-6378,clinical,C:\Users\joshd\Documents\OpenSpecialtyRiskAtlas\10_urology_tcga_prad\data_raw\clinical_xml\nationwidechildrens.org_clinical.TCGA-G9-6378.xml,True,30543,
258ea268-84ff-4695-8afb-52eb59d96d30,nationwidechildrens.org_clinical.TCGA-KK-A6E5.xml,TCGA-KK-A6E5,clinical,C:\Users\joshd\Documents\OpenSpecialtyRiskAtlas\10_urology_tcga_prad\data_raw\clinical_xml\nationwidechildrens.org_clinical.TCGA-KK-A6E5.xml,True,31101,
b7cec519-5ec5-47ff-839f-a8f1770ec50e,nationwidechildrens.org_clinical.TCGA-EJ-7783.xml,TCGA-EJ-7783,clinical,C:\Users\joshd\Documents\OpenSpecialtyRiskAtlas\10_urology_tcga_prad\data_raw\clinical_xml\nationwidechildrens.org_clinical.TCGA-EJ-7783.xml,True,38432,
052ee856-3340-4804-ac01-954e5b6e1b9e,nationwidechildrens.org_omf.TCGA-XK-AAJ3.xml,TCGA-XK-AAJ3,omf,C:\Users\joshd\Documents\OpenSpecialtyRiskAtlas\10_urology_tcga_prad\data_raw\clinical_xml\nationwidechildrens.org_omf.TCGA-XK-AAJ3.xml,True,10956,
d831109d-518a-45eb-8f57-ada184cc2a1c,nationwidechildrens.org_clinical.TCGA-EJ-A46H.xml,TCGA-EJ-A46H,clinical,C:\Users\joshd\Documents\OpenSpecialtyRiskAtlas\10_urology_tcga_prad\data_raw\clinical_xml\nationwidechildrens.org_clinical.TCGA-EJ-A46H.xml,True,30338,
3f1bbcc8-2974-400a-81ae-15b484bb9416,nationwidechildrens.org_clinical.TCGA-HC-7741.xml,TCGA-HC-7741,clinical,C:\Users\joshd\Documents\OpenSpecialtyRiskAtlas\10_urology_tcga_prad\data_raw\clinical_xml\nationwidechildrens.org_clinical.TCGA-HC-7741.xml,True,31120,
ddf28a7b-791d-420e-924f-829e5b1f3549,nationwidechildrens.org_clinical.TCGA-EJ-7312.xml,TCGA-EJ-7312,clinical,C:\Users\joshd\Documents\OpenSpecialtyRiskAtlas\10_urology_tcga_prad\data_raw\clinical_xml\nationwidechildrens.org_clinical.TCGA-EJ-7312.xml,True,30290,
464d9c18-a894-462c-83b4-f0bcd935d744,nationwidechildrens.org_clinical.TCGA-KK-A8I9.xml,TCGA-KK-A8I9,clinical,C:\Users\joshd\Documents\OpenSpecialtyRiskAtlas\10_urology_tcga_prad\data_raw\clinical_xml\nationwidechildrens.org_clinical.TCGA-KK-A8I9.xml,True,41910,
3d2458ba-40fe-493a-9d5c-5c4b1d2f2c39,nationwidechildrens.org_clinical.TCGA-KK-A7AW.xml,TCGA-KK-A7AW,clinical,C:\Users\joshd\Documents\OpenSpecialtyRiskAtlas\10_urology_tcga_prad\data_raw\clinical_xml\nationwidechildrens.org_clinical.TCGA-KK-A7AW.xml,True,24682,
d42fc69e-eba2-40b6-bbe4-d85c61c4bcec,nationwidechildrens.org_clinical.TCGA-EJ-7785.xml,TCGA-EJ-7785,clinical,C:\Users\joshd\Documents\OpenSpecialtyRiskAtlas\10_urology_tcga_prad\data_raw\clinical_xml\nationwidechildrens.org_clinical.TCGA-EJ-7785.xml,True,38664,
cc60cca0-ef09-42ff-a3ca-a9ce10aefc50,nationwidechildrens.org_clinical.TCGA-ZG-A9N3.xml,TCGA-ZG-A9N3,clinical,C:\Users\joshd\Documents\OpenSpecialtyRiskAtlas\10_urology_tcga_prad\data_raw\clinical_xml\nationwidechildrens.org_clinical.TCGA-ZG-A9N3.xml,True,39311,
dd4ec5fb-53c2-4229-baf9-b4b94e2b02c8,nationwidechildrens.org_clinical.TCGA-KK-A8I8.xml,TCGA-KK-A8I8,clinical,C:\Users\joshd\Documents\OpenSpecialtyRiskAtlas\10_urology_tcga_prad\data_raw\clinical_xml\nationwidechildrens.org_clinical.TCGA-KK-A8I8.xml,True,35654,
363c656c-56fd-45be-a992-ac9a49c3f15a,nationwidechildrens.org_clinical.TCGA-ZG-A9ND.xml,TCGA-ZG-A9ND,clinical,C:\Users\joshd\Documents\OpenSpecialtyRiskAtlas\10_urology_tcga_prad\data_raw\clinical_xml\nationwidechildrens.org_clinical.TCGA-ZG-A9ND.xml,True,30908,
faa1df95-15fb-45ac-9a40-d807b4354a62,nationwidechildrens.org_clinical.TCGA-EJ-7781.xml,TCGA-EJ-7781,clinical,C:\Users\joshd\Documents\OpenSpecialtyRiskAtlas\10_urology_tcga_prad\data_raw\clinical_xml\nationwidechildrens.org_clinical.TCGA-EJ-7781.xml,True,38391,
5e582954-d148-4b63-8f05-34f15b2edf37,nationwidechildrens.org_omf.TCGA-KC-A7FA.xml,TCGA-KC-A7FA,omf,C:\Users\joshd\Documents\OpenSpecialtyRiskAtlas\10_urology_tcga_prad\data_raw\clinical_xml\nationwidechildrens.org_omf.TCGA-KC-A7FA.xml,True,11364,
0e6e799b-3620-4bca-a169-52aebde28e8b,nationwidechildrens.org_clinical.TCGA-HC-7081.xml,TCGA-HC-7081,clinical,C:\Users\joshd\Documents\OpenSpecialtyRiskAtlas\10_urology_tcga_prad\data_raw\clinical_xml\nationwidechildrens.org_clinical.TCGA-HC-7081.xml,True,34451,
b92b6dac-641e-4ffa-9e65-a4157fc15c48,nationwidechildrens.org_omf.TCGA-HC-A6AQ.xml,TCGA-HC-A6AQ,omf,C:\Users\joshd\Documents\OpenSpecialtyRiskAtlas\10_urology_tcga_prad\data_raw\clinical_xml\nationwidechildrens.org_omf.TCGA-HC-A6AQ.xml,True,11087,
fb3a5490-d701-4432-b018-37b0ab6f9db3,nationwidechildrens.org_clinical.TCGA-HC-A6AQ.xml,TCGA-HC-A6AQ,clinical,C:\Users\joshd\Documents\OpenSpecialtyRiskAtlas\10_urology_tcga_prad\data_raw\clinical_xml\nationwidechildrens.org_clinical.TCGA-HC-A6AQ.xml,True,21723,
b47ab8a8-bf23-4ba8-aab0-2a57bc289cdc,nationwidechildrens.org_clinical.TCGA-KC-A4BR.xml,TCGA-KC-A4BR,clinical,C:\Users\joshd\Documents\OpenSpecialtyRiskAtlas\10_urology_tcga_prad\data_raw\clinical_xml\nationwidechildrens.org_clinical.TCGA-KC-A4BR.xml,True,35815,
8744d2a7-c7d7-454f-87bd-1425c91e257a,nationwidechildrens.org_clinical.TCGA-M7-A720.xml,TCGA-M7-A720,clinical,C:\Users\joshd\Documents\OpenSpecialtyRiskAtlas\10_urology_tcga_prad\data_raw\clinical_xml\nationwidechildrens.org_clinical.TCGA-M7-A720.xml,True,30442,
35e6f61a-3889-4ebf-9580-866758baad5b,nationwidechildrens.org_clinical.TCGA-KK-A59Y.xml,TCGA-KK-A59Y,clinical,C:\Users\joshd\Documents\OpenSpecialtyRiskAtlas\10_urology_tcga_prad\data_raw\clinical_xml\nationwidechildrens.org_clinical.TCGA-KK-A59Y.xml,True,43912,
aef0ce1b-ac36-4da2-a232-0ffd78c4b5d2,nationwidechildrens.org_clinical.TCGA-4L-AA1F.xml,TCGA-4L-AA1F,clinical,C:\Users\joshd\Documents\OpenSpecialtyRiskAtlas\10_urology_tcga_prad\data_raw\clinical_xml\nationwidechildrens.org_clinical.TCGA-4L-AA1F.xml,True,28120,
6ceaff83-aa00-47e9-affb-8253b866b110,nationwidechildrens.org_clinical.TCGA-TK-A8OK.xml,TCGA-TK-A8OK,clinical,C:\Users\joshd\Documents\OpenSpecialtyRiskAtlas\10_urology_tcga_prad\data_raw\clinical_xml\nationwidechildrens.org_clinical.TCGA-TK-A8OK.xml,True,29671,
fbf6f4df-5e6e-4914-8497-8686443552ad,nationwidechildrens.org_clinical.TCGA-XQ-A8TB.xml,TCGA-XQ-A8TB,clinical,C:\Users\joshd\Documents\OpenSpecialtyRiskAtlas\10_urology_tcga_prad\data_raw\clinical_xml\nationwidechildrens.org_clinical.TCGA-XQ-A8TB.xml,True,30796,
9e99efb4-43e3-4a31-b393-b827c899b31b,nationwidechildrens.org_clinical.TCGA-KK-A7B4.xml,TCGA-KK-A7B4,clinical,C:\Users\joshd\Documents\OpenSpecialtyRiskAtlas\10_urology_tcga_prad\data_raw\clinical_xml\nationwidechildrens.org_clinical.TCGA-KK-A7B4.xml,True,45373,
40920bd6-861a-4c4e-8a1b-9ef89e869ff1,nationwidechildrens.org_clinical.TCGA-EJ-A6RA.xml,TCGA-EJ-A6RA,clinical,C:\Users\joshd\Documents\OpenSpecialtyRiskAtlas\10_urology_tcga_prad\data_raw\clinical_xml\nationwidechildrens.org_clinical.TCGA-EJ-A6RA.xml,True,32634,
87feac5c-a2a9-4200-932b-be783d9b4f5e,nationwidechildrens.org_clinical.TCGA-QU-A6IO.xml,TCGA-QU-A6IO,clinical,C:\Users\joshd\Documents\OpenSpecialtyRiskAtlas\10_urology_tcga_prad\data_raw\clinical_xml\nationwidechildrens.org_clinical.TCGA-QU-A6IO.xml,True,30878,
308b03e6-575f-45b4-bef2-8f1b5b891b6f,nationwidechildrens.org_clinical.TCGA-CH-5738.xml,TCGA-CH-5738,clinical,C:\Users\joshd\Documents\OpenSpecialtyRiskAtlas\10_urology_tcga_prad\data_raw\clinical_xml\nationwidechildrens.org_clinical.TCGA-CH-5738.xml,True,30050,
f7dad983-a65d-4857-a5b8-d8e421a062f9,nationwidechildrens.org_clinical.TCGA-HC-7075.xml,TCGA-HC-7075,clinical,C:\Users\joshd\Documents\OpenSpecialtyRiskAtlas\10_urology_tcga_prad\data_raw\clinical_xml\nationwidechildrens.org_clinical.TCGA-HC-7075.xml,True,29918,
e3ab3067-276d-491e-8e15-bfadd25f0c2f,nationwidechildrens.org_clinical.TCGA-2A-A8W3.xml,TCGA-2A-A8W3,clinical,C:\Users\joshd\Documents\OpenSpecialtyRiskAtlas\10_urology_tcga_prad\data_raw\clinical_xml\nationwidechildrens.org_clinical.TCGA-2A-A8W3.xml,True,33381,
99084697-1ae6-466b-a1fc-603d65b18301,nationwidechildrens.org_clinical.TCGA-EJ-7318.xml,TCGA-EJ-7318,clinical,C:\Users\joshd\Documents\OpenSpecialtyRiskAtlas\10_urology_tcga_prad\data_raw\clinical_xml\nationwidechildrens.org_clinical.TCGA-EJ-7318.xml,True,32645,
76fe3a50-9949-47c1-836e-07dfe017db7c,nationwidechildrens.org_clinical.TCGA-EJ-A7NG.xml,TCGA-EJ-A7NG,clinical,C:\Users\joshd\Documents\OpenSpecialtyRiskAtlas\10_urology_tcga_prad\data_raw\clinical_xml\nationwidechildrens.org_clinical.TCGA-EJ-A7NG.xml,True,30212,
6ea334b3-ff07-4a9e-92d0-665365b82880,nationwidechildrens.org_clinical.TCGA-ZG-A9L2.xml,TCGA-ZG-A9L2,clinical,C:\Users\joshd\Documents\OpenSpecialtyRiskAtlas\10_urology_tcga_prad\data_raw\clinical_xml\nationwidechildrens.org_clinical.TCGA-ZG-A9L2.xml,True,32901,
3020e596-330e-4b03-bc7b-2c0250bdf211,nationwidechildrens.org_clinical.TCGA-HC-7738.xml,TCGA-HC-7738,clinical,C:\Users\joshd\Documents\OpenSpecialtyRiskAtlas\10_urology_tcga_prad\data_raw\clinical_xml\nationwidechildrens.org_clinical.TCGA-HC-7738.xml,True,30260,
88f730b0-755f-406f-b2c2-ce00d15bbd6a,nationwidechildrens.org_clinical.TCGA-KK-A8IC.xml,TCGA-KK-A8IC,clinical,C:\Users\joshd\Documents\OpenSpecialtyRiskAtlas\10_urology_tcga_prad\data_raw\clinical_xml\nationwidechildrens.org_clinical.TCGA-KK-A8IC.xml,True,50086,
7f0070d2-5c4a-427d-abb8-a956b042e88e,nationwidechildrens.org_clinical.TCGA-KK-A8I6.xml,TCGA-KK-A8I6,clinical,C:\Users\joshd\Documents\OpenSpecialtyRiskAtlas\10_urology_tcga_prad\data_raw\clinical_xml\nationwidechildrens.org_clinical.TCGA-KK-A8I6.xml,True,22764,
b7574d8a-19a3-4921-baab-b6fb7695e640,nationwidechildrens.org_clinical.TCGA-G9-6365.xml,TCGA-G9-6365,clinical,C:\Users\joshd\Documents\OpenSpecialtyRiskAtlas\10_urology_tcga_prad\data_raw\clinical_xml\nationwidechildrens.org_clinical.TCGA-G9-6365.xml,True,30371,
e098e5b6-f778-477d-957a-bd30384d3bf9,nationwidechildrens.org_clinical.TCGA-CH-5751.xml,TCGA-CH-5751,clinical,C:\Users\joshd\Documents\OpenSpecialtyRiskAtlas\10_urology_tcga_prad\data_raw\clinical_xml\nationwidechildrens.org_clinical.TCGA-CH-5751.xml,True,48161,
7f12f89b-ad31-4fbf-bd6d-ec0a3d42f9b3,nationwidechildrens.org_clinical.TCGA-CH-5739.xml,TCGA-CH-5739,clinical,C:\Users\joshd\Documents\OpenSpecialtyRiskAtlas\10_urology_tcga_prad\data_raw\clinical_xml\nationwidechildrens.org_clinical.TCGA-CH-5739.xml,True,30181,
97211313-f6b9-4b11-849a-1ab1fef6b194,nationwidechildrens.org_clinical.TCGA-VN-A88L.xml,TCGA-VN-A88L,clinical,C:\Users\joshd\Documents\OpenSpecialtyRiskAtlas\10_urology_tcga_prad\data_raw\clinical_xml\nationwidechildrens.org_clinical.TCGA-VN-A88L.xml,True,30702,
dd208d59-7070-45fb-bead-4c10be9dfde3,nationwidechildrens.org_clinical.TCGA-FC-A66V.xml,TCGA-FC-A66V,clinical,C:\Users\joshd\Documents\OpenSpecialtyRiskAtlas\10_urology_tcga_prad\data_raw\clinical_xml\nationwidechildrens.org_clinical.TCGA-FC-A66V.xml,True,30831,
6f13c424-a823-4769-9344-de659be27323,nationwidechildrens.org_clinical.TCGA-EJ-7330.xml,TCGA-EJ-7330,clinical,C:\Users\joshd\Documents\OpenSpecialtyRiskAtlas\10_urology_tcga_prad\data_raw\clinical_xml\nationwidechildrens.org_clinical.TCGA-EJ-7330.xml,True,22261,
335ce14b-7f48-40ca-a8ed-9c40bc7b3010,nationwidechildrens.org_clinical.TCGA-FC-A8O0.xml,TCGA-FC-A8O0,clinical,C:\Users\joshd\Documents\OpenSpecialtyRiskAtlas\10_urology_tcga_prad\data_raw\clinical_xml\nationwidechildrens.org_clinical.TCGA-FC-A8O0.xml,True,30866,
f2b3b08d-1428-40b9-8911-16cb22abeeb0,nationwidechildrens.org_clinical.TCGA-VP-A87C.xml,TCGA-VP-A87C,clinical,C:\Users\joshd\Documents\OpenSpecialtyRiskAtlas\10_urology_tcga_prad\data_raw\clinical_xml\nationwidechildrens.org_clinical.TCGA-VP-A87C.xml,True,30851,
7f211a96-ea4c-46cb-9566-4a07f8c9a5fa,nationwidechildrens.org_clinical.TCGA-VP-A876.xml,TCGA-VP-A876,clinical,C:\Users\joshd\Documents\OpenSpecialtyRiskAtlas\10_urology_tcga_prad\data_raw\clinical_xml\nationwidechildrens.org_clinical.TCGA-VP-A876.xml,True,30807,
47e4403b-e5d7-4241-82e0-65b72a971838,nationwidechildrens.org_clinical.TCGA-KC-A7FE.xml,TCGA-KC-A7FE,clinical,C:\Users\joshd\Documents\OpenSpecialtyRiskAtlas\10_urology_tcga_prad\data_raw\clinical_xml\nationwidechildrens.org_clinical.TCGA-KC-A7FE.xml,True,22546,
9cc74d77-25de-4181-990a-c7935ba40e64,nationwidechildrens.org_clinical.TCGA-ZG-A9MC.xml,TCGA-ZG-A9MC,clinical,C:\Users\joshd\Documents\OpenSpecialtyRiskAtlas\10_urology_tcga_prad\data_raw\clinical_xml\nationwidechildrens.org_clinical.TCGA-ZG-A9MC.xml,True,38209,
411e484b-cd73-4c3f-9233-5e82a1ab96ca,nationwidechildrens.org_clinical.TCGA-KK-A8I5.xml,TCGA-KK-A8I5,clinical,C:\Users\joshd\Documents\OpenSpecialtyRiskAtlas\10_urology_tcga_prad\data_raw\clinical_xml\nationwidechildrens.org_clinical.TCGA-KK-A8I5.xml,True,30657,
e14495dd-aad8-41df-9a3d-2c719746fc5c,nationwidechildrens.org_clinical.TCGA-G9-7509.xml,TCGA-G9-7509,clinical,C:\Users\joshd\Documents\OpenSpecialtyRiskAtlas\10_urology_tcga_prad\data_raw\clinical_xml\nationwidechildrens.org_clinical.TCGA-G9-7509.xml,True,30807,
34360dd1-fbef-434f-984f-c7b1a8e2d6cf,nationwidechildrens.org_clinical.TCGA-HC-8264.xml,TCGA-HC-8264,clinical,C:\Users\joshd\Documents\OpenSpecialtyRiskAtlas\10_urology_tcga_prad\data_raw\clinical_xml\nationwidechildrens.org_clinical.TCGA-HC-8264.xml,True,21588,
9e91086b-b308-488a-b2ad-1a43d6c06ee7,nationwidechildrens.org_clinical.TCGA-V1-A8X3.xml,TCGA-V1-A8X3,clinical,C:\Users\joshd\Documents\OpenSpecialtyRiskAtlas\10_urology_tcga_prad\data_raw\clinical_xml\nationwidechildrens.org_clinical.TCGA-V1-A8X3.xml,True,32628,
fd63d3f5-e254-4fab-95b3-7c38e1740ccd,nationwidechildrens.org_clinical.TCGA-CH-5792.xml,TCGA-CH-5792,clinical,C:\Users\joshd\Documents\OpenSpecialtyRiskAtlas\10_urology_tcga_prad\data_raw\clinical_xml\nationwidechildrens.org_clinical.TCGA-CH-5792.xml,True,21785,
d98eb69a-3873-476b-a169-3b9cc3cd792e,nationwidechildrens.org_clinical.TCGA-CH-5767.xml,TCGA-CH-5767,clinical,C:\Users\joshd\Documents\OpenSpecialtyRiskAtlas\10_urology_tcga_prad\data_raw\clinical_xml\nationwidechildrens.org_clinical.TCGA-CH-5767.xml,True,30188,
ec5784d8-d65f-42a8-91d8-0a9c94f6f916,nationwidechildrens.org_clinical.TCGA-EJ-A65D.xml,TCGA-EJ-A65D,clinical,C:\Users\joshd\Documents\OpenSpecialtyRiskAtlas\10_urology_tcga_prad\data_raw\clinical_xml\nationwidechildrens.org_clinical.TCGA-EJ-A65D.xml,True,30234,
8751173c-0543-4111-aa40-076f7953c5d9,nationwidechildrens.org_clinical.TCGA-2A-AAYO.xml,TCGA-2A-AAYO,clinical,C:\Users\joshd\Documents\OpenSpecialtyRiskAtlas\10_urology_tcga_prad\data_raw\clinical_xml\nationwidechildrens.org_clinical.TCGA-2A-AAYO.xml,True,30479,
1513656d-df47-4b5f-a94e-755b4b6bf5d6,nationwidechildrens.org_clinical.TCGA-VN-A943.xml,TCGA-VN-A943,clinical,C:\Users\joshd\Documents\OpenSpecialtyRiskAtlas\10_urology_tcga_prad\data_raw\clinical_xml\nationwidechildrens.org_clinical.TCGA-VN-A943.xml,True,31009,
e74e427b-4b66-4066-8c7e-9f7b883750f9,nationwidechildrens.org_clinical.TCGA-EJ-5495.xml,TCGA-EJ-5495,clinical,C:\Users\joshd\Documents\OpenSpecialtyRiskAtlas\10_urology_tcga_prad\data_raw\clinical_xml\nationwidechildrens.org_clinical.TCGA-EJ-5495.xml,True,38763,
3c1b590b-9021-4ed4-8e51-d3219bc61ab8,nationwidechildrens.org_clinical.TCGA-HC-7736.xml,TCGA-HC-7736,clinical,C:\Users\joshd\Documents\OpenSpecialtyRiskAtlas\10_urology_tcga_prad\data_raw\clinical_xml\nationwidechildrens.org_clinical.TCGA-HC-7736.xml,True,30482,
e49f9d76-fe3b-4230-bf56-9b5924540175,nationwidechildrens.org_clinical.TCGA-J4-A83J.xml,TCGA-J4-A83J,clinical,C:\Users\joshd\Documents\OpenSpecialtyRiskAtlas\10_urology_tcga_prad\data_raw\clinical_xml\nationwidechildrens.org_clinical.TCGA-J4-A83J.xml,True,30770,
840ba9d9-9e28-4ec5-b202-adb3f71aa09d,nationwidechildrens.org_clinical.TCGA-HC-7078.xml,TCGA-HC-7078,clinical,C:\Users\joshd\Documents\OpenSpecialtyRiskAtlas\10_urology_tcga_prad\data_raw\clinical_xml\nationwidechildrens.org_clinical.TCGA-HC-7078.xml,True,30237,
cae60111-eee3-4a54-b053-33b3e3c4bef9,nationwidechildrens.org_clinical.TCGA-J4-A67S.xml,TCGA-J4-A67S,clinical,C:\Users\joshd\Documents\OpenSpecialtyRiskAtlas\10_urology_tcga_prad\data_raw\clinical_xml\nationwidechildrens.org_clinical.TCGA-J4-A67S.xml,True,30971,
13ec0782-1df2-465d-96b4-0ab269bad33a,nationwidechildrens.org_clinical.TCGA-KK-A8I4.xml,TCGA-KK-A8I4,clinical,C:\Users\joshd\Documents\OpenSpecialtyRiskAtlas\10_urology_tcga_prad\data_raw\clinical_xml\nationwidechildrens.org_clinical.TCGA-KK-A8I4.xml,True,45410,
43ad918b-8428-41ed-a363-8db9061ebad2,nationwidechildrens.org_clinical.TCGA-G9-6329.xml,TCGA-G9-6329,clinical,C:\Users\joshd\Documents\OpenSpecialtyRiskAtlas\10_urology_tcga_prad\data_raw\clinical_xml\nationwidechildrens.org_clinical.TCGA-G9-6329.xml,True,30250,
32d620ee-a9a7-40c7-8cfc-f44c3ed26cc3,nationwidechildrens.org_clinical.TCGA-QU-A6IP.xml,TCGA-QU-A6IP,clinical,C:\Users\joshd\Documents\OpenSpecialtyRiskAtlas\10_urology_tcga_prad\data_raw\clinical_xml\nationwidechildrens.org_clinical.TCGA-QU-A6IP.xml,True,30423,
4d31cb20-b6bf-4800-a099-5260d8659ace,nationwidechildrens.org_clinical.TCGA-EJ-7786.xml,TCGA-EJ-7786,clinical,C:\Users\joshd\Documents\OpenSpecialtyRiskAtlas\10_urology_tcga_prad\data_raw\clinical_xml\nationwidechildrens.org_clinical.TCGA-EJ-7786.xml,True,38389,
def4d18a-99d1-411e-9850-f62f1cee1e4c,nationwidechildrens.org_clinical.TCGA-G9-6367.xml,TCGA-G9-6367,clinical,C:\Users\joshd\Documents\OpenSpecialtyRiskAtlas\10_urology_tcga_prad\data_raw\clinical_xml\nationwidechildrens.org_clinical.TCGA-G9-6367.xml,True,30602,
b7e1fde8-adf4-4f22-b91e-c8475d5167e3,nationwidechildrens.org_clinical.TCGA-V1-A9OA.xml,TCGA-V1-A9OA,clinical,C:\Users\joshd\Documents\OpenSpecialtyRiskAtlas\10_urology_tcga_prad\data_raw\clinical_xml\nationwidechildrens.org_clinical.TCGA-V1-A9OA.xml,True,32759,
5074a50b-d209-4fdf-bec3-a1691cfc356e,nationwidechildrens.org_clinical.TCGA-FC-7961.xml,TCGA-FC-7961,clinical,C:\Users\joshd\Documents\OpenSpecialtyRiskAtlas\10_urology_tcga_prad\data_raw\clinical_xml\nationwidechildrens.org_clinical.TCGA-FC-7961.xml,True,30175,
fe1978bf-891a-498f-8a01-3c3d33e0c2f2,nationwidechildrens.org_omf.TCGA-KK-A7B3.xml,TCGA-KK-A7B3,omf,C:\Users\joshd\Documents\OpenSpecialtyRiskAtlas\10_urology_tcga_prad\data_raw\clinical_xml\nationwidechildrens.org_omf.TCGA-KK-A7B3.xml,True,11089,
22e639a7-5766-404c-a37e-973853bfa369,nationwidechildrens.org_clinical.TCGA-EJ-5503.xml,TCGA-EJ-5503,clinical,C:\Users\joshd\Documents\OpenSpecialtyRiskAtlas\10_urology_tcga_prad\data_raw\clinical_xml\nationwidechildrens.org_clinical.TCGA-EJ-5503.xml,True,38939,
e5ff6d1b-b47d-46fe-8a25-698e2c5fd6a1,nationwidechildrens.org_clinical.TCGA-VN-A88Q.xml,TCGA-VN-A88Q,clinical,C:\Users\joshd\Documents\OpenSpecialtyRiskAtlas\10_urology_tcga_prad\data_raw\clinical_xml\nationwidechildrens.org_clinical.TCGA-VN-A88Q.xml,True,30688,
f436b300-8d12-41f5-98d5-86a27cd832b8,nationwidechildrens.org_clinical.TCGA-VP-A87D.xml,TCGA-VP-A87D,clinical,C:\Users\joshd\Documents\OpenSpecialtyRiskAtlas\10_urology_tcga_prad\data_raw\clinical_xml\nationwidechildrens.org_clinical.TCGA-VP-A87D.xml,True,50815,
35cd005b-2e2f-4512-8317-dc45ec4da139,nationwidechildrens.org_clinical.TCGA-EJ-5531.xml,TCGA-EJ-5531,clinical,C:\Users\joshd\Documents\OpenSpecialtyRiskAtlas\10_urology_tcga_prad\data_raw\clinical_xml\nationwidechildrens.org_clinical.TCGA-EJ-5531.xml,True,38916,
c60c32a5-8e1e-4df9-8198-98fbd3e00c73,nationwidechildrens.org_clinical.TCGA-CH-5745.xml,TCGA-CH-5745,clinical,C:\Users\joshd\Documents\OpenSpecialtyRiskAtlas\10_urology_tcga_prad\data_raw\clinical_xml\nationwidechildrens.org_clinical.TCGA-CH-5745.xml,True,21805,
597bf8d8-9187-4b76-90f8-4a1b52c8242b,nationwidechildrens.org_clinical.TCGA-EJ-5532.xml,TCGA-EJ-5532,clinical,C:\Users\joshd\Documents\OpenSpecialtyRiskAtlas\10_urology_tcga_prad\data_raw\clinical_xml\nationwidechildrens.org_clinical.TCGA-EJ-5532.xml,True,38677,
8e55e2c2-f3ef-4435-9931-2753f25c6a03,nationwidechildrens.org_omf.TCGA-EJ-A6RC.xml,TCGA-EJ-A6RC,omf,C:\Users\joshd\Documents\OpenSpecialtyRiskAtlas\10_urology_tcga_prad\data_raw\clinical_xml\nationwidechildrens.org_omf.TCGA-EJ-A6RC.xml,True,11087,
120ed003-0eff-48ad-b7e2-27437e2f62b2,nationwidechildrens.org_clinical.TCGA-EJ-7125.xml,TCGA-EJ-7125,clinical,C:\Users\joshd\Documents\OpenSpecialtyRiskAtlas\10_urology_tcga_prad\data_raw\clinical_xml\nationwidechildrens.org_clinical.TCGA-EJ-7125.xml,True,30523,
7f2a9e31-c7ce-4db3-9839-1aac8fa4c26c,nationwidechildrens.org_clinical.TCGA-EJ-7331.xml,TCGA-EJ-7331,clinical,C:\Users\joshd\Documents\OpenSpecialtyRiskAtlas\10_urology_tcga_prad\data_raw\clinical_xml\nationwidechildrens.org_clinical.TCGA-EJ-7331.xml,True,30463,
f6ce84b8-f5d2-4a66-9923-2b5c9f9aebe8,nationwidechildrens.org_clinical.TCGA-G9-6347.xml,TCGA-G9-6347,clinical,C:\Users\joshd\Documents\OpenSpecialtyRiskAtlas\10_urology_tcga_prad\data_raw\clinical_xml\nationwidechildrens.org_clinical.TCGA-G9-6347.xml,True,30487,
68397a38-b982-4b5c-9c92-b000be6e1e9a,nationwidechildrens.org_clinical.TCGA-HC-7231.xml,TCGA-HC-7231,clinical,C:\Users\joshd\Documents\OpenSpecialtyRiskAtlas\10_urology_tcga_prad\data_raw\clinical_xml\nationwidechildrens.org_clinical.TCGA-HC-7231.xml,True,29841,
d6dcedf5-059a-425d-ab44-28bf2b6f945c,nationwidechildrens.org_clinical.TCGA-G9-6498.xml,TCGA-G9-6498,clinical,C:\Users\joshd\Documents\OpenSpecialtyRiskAtlas\10_urology_tcga_prad\data_raw\clinical_xml\nationwidechildrens.org_clinical.TCGA-G9-6498.xml,True,37555,
67575aa4-38c3-40c5-8447-bd79637e67d9,nationwidechildrens.org_clinical.TCGA-HC-A8CY.xml,TCGA-HC-A8CY,clinical,C:\Users\joshd\Documents\OpenSpecialtyRiskAtlas\10_urology_tcga_prad\data_raw\clinical_xml\nationwidechildrens.org_clinical.TCGA-HC-A8CY.xml,True,21962,
244c1bb2-a606-428a-b484-759375b82ee5,nationwidechildrens.org_clinical.TCGA-YL-A8HO.xml,TCGA-YL-A8HO,clinical,C:\Users\joshd\Documents\OpenSpecialtyRiskAtlas\10_urology_tcga_prad\data_raw\clinical_xml\nationwidechildrens.org_clinical.TCGA-YL-A8HO.xml,True,46714,
e1e9e47f-a933-47c1-b85c-da8231628e11,nationwidechildrens.org_clinical.TCGA-HC-A4ZV.xml,TCGA-HC-A4ZV,clinical,C:\Users\joshd\Documents\OpenSpecialtyRiskAtlas\10_urology_tcga_prad\data_raw\clinical_xml\nationwidechildrens.org_clinical.TCGA-HC-A4ZV.xml,True,21662,
f19f5f46-aa10-4a2a-a4de-c2de1796199e,nationwidechildrens.org_clinical.TCGA-G9-6353.xml,TCGA-G9-6353,clinical,C:\Users\joshd\Documents\OpenSpecialtyRiskAtlas\10_urology_tcga_prad\data_raw\clinical_xml\nationwidechildrens.org_clinical.TCGA-G9-6353.xml,True,30336,
9c61b131-9512-4e0e-bc9f-11d27a5ebb5e,nationwidechildrens.org_clinical.TCGA-EJ-5508.xml,TCGA-EJ-5508,clinical,C:\Users\joshd\Documents\OpenSpecialtyRiskAtlas\10_urology_tcga_prad\data_raw\clinical_xml\nationwidechildrens.org_clinical.TCGA-EJ-5508.xml,True,38664,
003d508e-ce9b-4ca7-800c-038cbba52b39,nationwidechildrens.org_clinical.TCGA-KK-A7AV.xml,TCGA-KK-A7AV,clinical,C:\Users\joshd\Documents\OpenSpecialtyRiskAtlas\10_urology_tcga_prad\data_raw\clinical_xml\nationwidechildrens.org_clinical.TCGA-KK-A7AV.xml,True,30973,
1abde88d-4c31-465f-b196-f21b853d5f56,nationwidechildrens.org_clinical.TCGA-J4-A67K.xml,TCGA-J4-A67K,clinical,C:\Users\joshd\Documents\OpenSpecialtyRiskAtlas\10_urology_tcga_prad\data_raw\clinical_xml\nationwidechildrens.org_clinical.TCGA-J4-A67K.xml,True,30154,
a916077e-45b4-4bc9-97a3-12e1a4c31efc,nationwidechildrens.org_clinical.TCGA-YL-A8SP.xml,TCGA-YL-A8SP,clinical,C:\Users\joshd\Documents\OpenSpecialtyRiskAtlas\10_urology_tcga_prad\data_raw\clinical_xml\nationwidechildrens.org_clinical.TCGA-YL-A8SP.xml,True,64566,
2dde2334-cace-4e77-86b2-cc0843b3086b,nationwidechildrens.org_clinical.TCGA-EJ-5512.xml,TCGA-EJ-5512,clinical,C:\Users\joshd\Documents\OpenSpecialtyRiskAtlas\10_urology_tcga_prad\data_raw\clinical_xml\nationwidechildrens.org_clinical.TCGA-EJ-5512.xml,True,38848,
594d49f4-86f0-4ae1-b2b8-96fad4c19d38,nationwidechildrens.org_clinical.TCGA-EJ-A7NK.xml,TCGA-EJ-A7NK,clinical,C:\Users\joshd\Documents\OpenSpecialtyRiskAtlas\10_urology_tcga_prad\data_raw\clinical_xml\nationwidechildrens.org_clinical.TCGA-EJ-A7NK.xml,True,30226,
6f32aaf7-6ed3-4912-a930-66111235faf8,nationwidechildrens.org_clinical.TCGA-YL-A8SR.xml,TCGA-YL-A8SR,clinical,C:\Users\joshd\Documents\OpenSpecialtyRiskAtlas\10_urology_tcga_prad\data_raw\clinical_xml\nationwidechildrens.org_clinical.TCGA-YL-A8SR.xml,True,30795,
74ecff60-56ec-41eb-9c3b-5f4754831caf,nationwidechildrens.org_omf.TCGA-QU-A6IM.xml,TCGA-QU-A6IM,omf,C:\Users\joshd\Documents\OpenSpecialtyRiskAtlas\10_urology_tcga_prad\data_raw\clinical_xml\nationwidechildrens.org_omf.TCGA-QU-A6IM.xml,True,11196,
713829cd-646f-48b0-8768-9de84872fe42,nationwidechildrens.org_clinical.TCGA-QU-A6IM.xml,TCGA-QU-A6IM,clinical,C:\Users\joshd\Documents\OpenSpecialtyRiskAtlas\10_urology_tcga_prad\data_raw\clinical_xml\nationwidechildrens.org_clinical.TCGA-QU-A6IM.xml,True,30712,
b715257c-ccbc-4a6c-8c13-ab1cb9fcd894,nationwidechildrens.org_clinical.TCGA-G9-6379.xml,TCGA-G9-6379,clinical,C:\Users\joshd\Documents\OpenSpecialtyRiskAtlas\10_urology_tcga_prad\data_raw\clinical_xml\nationwidechildrens.org_clinical.TCGA-G9-6379.xml,True,38623,
a91c5b6a-0c4d-4a03-9cae-2b1fe6b61f8d,nationwidechildrens.org_clinical.TCGA-CH-5752.xml,TCGA-CH-5752,clinical,C:\Users\joshd\Documents\OpenSpecialtyRiskAtlas\10_urology_tcga_prad\data_raw\clinical_xml\nationwidechildrens.org_clinical.TCGA-CH-5752.xml,True,36249,
f3f55307-939b-42ec-ac59-8534a6bc27e2,nationwidechildrens.org_clinical.TCGA-V1-A8WN.xml,TCGA-V1-A8WN,clinical,C:\Users\joshd\Documents\OpenSpecialtyRiskAtlas\10_urology_tcga_prad\data_raw\clinical_xml\nationwidechildrens.org_clinical.TCGA-V1-A8WN.xml,True,32618,
3a545347-5e7c-492b-b8eb-f4a72e4104ad,nationwidechildrens.org_clinical.TCGA-EJ-7793.xml,TCGA-EJ-7793,clinical,C:\Users\joshd\Documents\OpenSpecialtyRiskAtlas\10_urology_tcga_prad\data_raw\clinical_xml\nationwidechildrens.org_clinical.TCGA-EJ-7793.xml,True,38278,
6fd673c8-9a96-4d2d-b57f-996b224dbccf,nationwidechildrens.org_clinical.TCGA-EJ-7218.xml,TCGA-EJ-7218,clinical,C:\Users\joshd\Documents\OpenSpecialtyRiskAtlas\10_urology_tcga_prad\data_raw\clinical_xml\nationwidechildrens.org_clinical.TCGA-EJ-7218.xml,True,30262,
889b5e02-779a-4f39-8683-a2859726e52e,nationwidechildrens.org_clinical.TCGA-EJ-8469.xml,TCGA-EJ-8469,clinical,C:\Users\joshd\Documents\OpenSpecialtyRiskAtlas\10_urology_tcga_prad\data_raw\clinical_xml\nationwidechildrens.org_clinical.TCGA-EJ-8469.xml,True,33223,
03f7e88c-f2f1-44e5-9ed6-e6310070b663,nationwidechildrens.org_clinical.TCGA-CH-5750.xml,TCGA-CH-5750,clinical,C:\Users\joshd\Documents\OpenSpecialtyRiskAtlas\10_urology_tcga_prad\data_raw\clinical_xml\nationwidechildrens.org_clinical.TCGA-CH-5750.xml,True,30414,
a4379cfe-77b7-4257-b6b8-c7f116a8cb14,nationwidechildrens.org_clinical.TCGA-KK-A6E4.xml,TCGA-KK-A6E4,clinical,C:\Users\joshd\Documents\OpenSpecialtyRiskAtlas\10_urology_tcga_prad\data_raw\clinical_xml\nationwidechildrens.org_clinical.TCGA-KK-A6E4.xml,True,30665,
3c94d889-8a38-40b1-92fe-c9d63692aaf3,nationwidechildrens.org_clinical.TCGA-EJ-7327.xml,TCGA-EJ-7327,clinical,C:\Users\joshd\Documents\OpenSpecialtyRiskAtlas\10_urology_tcga_prad\data_raw\clinical_xml\nationwidechildrens.org_clinical.TCGA-EJ-7327.xml,True,30676,
9d37cf6a-6c59-4d5f-92aa-f22e4809764e,nationwidechildrens.org_clinical.TCGA-VN-A88N.xml,TCGA-VN-A88N,clinical,C:\Users\joshd\Documents\OpenSpecialtyRiskAtlas\10_urology_tcga_prad\data_raw\clinical_xml\nationwidechildrens.org_clinical.TCGA-VN-A88N.xml,True,39367,
d4c0cb05-3d24-4f9a-827b-cf1fe916e5dd,nationwidechildrens.org_clinical.TCGA-EJ-A8FN.xml,TCGA-EJ-A8FN,clinical,C:\Users\joshd\Documents\OpenSpecialtyRiskAtlas\10_urology_tcga_prad\data_raw\clinical_xml\nationwidechildrens.org_clinical.TCGA-EJ-A8FN.xml,True,30214,
26ddcbc3-9edc-45c6-b64f-9eb0c9c09b3e,nationwidechildrens.org_clinical.TCGA-VP-AA1N.xml,TCGA-VP-AA1N,clinical,C:\Users\joshd\Documents\OpenSpecialtyRiskAtlas\10_urology_tcga_prad\data_raw\clinical_xml\nationwidechildrens.org_clinical.TCGA-VP-AA1N.xml,True,35496,
1e2ca3a5-9322-4ecd-b844-39b1c697ddee,nationwidechildrens.org_clinical.TCGA-VN-A88O.xml,TCGA-VN-A88O,clinical,C:\Users\joshd\Documents\OpenSpecialtyRiskAtlas\10_urology_tcga_prad\data_raw\clinical_xml\nationwidechildrens.org_clinical.TCGA-VN-A88O.xml,True,30709,
15ec493f-5d13-439d-b348-b76ae080a39f,nationwidechildrens.org_clinical.TCGA-HC-7818.xml,TCGA-HC-7818,clinical,C:\Users\joshd\Documents\OpenSpecialtyRiskAtlas\10_urology_tcga_prad\data_raw\clinical_xml\nationwidechildrens.org_clinical.TCGA-HC-7818.xml,True,30554,
1fdad588-3b7f-4739-b976-63f9d6fadb22,nationwidechildrens.org_clinical.TCGA-G9-7510.xml,TCGA-G9-7510,clinical,C:\Users\joshd\Documents\OpenSpecialtyRiskAtlas\10_urology_tcga_prad\data_raw\clinical_xml\nationwidechildrens.org_clinical.TCGA-G9-7510.xml,True,30623,
5c932a90-fa99-4bdb-94ff-e6f475d7da56,nationwidechildrens.org_clinical.TCGA-G9-7525.xml,TCGA-G9-7525,clinical,C:\Users\joshd\Documents\OpenSpecialtyRiskAtlas\10_urology_tcga_prad\data_raw\clinical_xml\nationwidechildrens.org_clinical.TCGA-G9-7525.xml,True,30571,
266ee511-a33f-447d-a78a-30ca9583c516,nationwidechildrens.org_clinical.TCGA-KK-A7AP.xml,TCGA-KK-A7AP,clinical,C:\Users\joshd\Documents\OpenSpecialtyRiskAtlas\10_urology_tcga_prad\data_raw\clinical_xml\nationwidechildrens.org_clinical.TCGA-KK-A7AP.xml,True,22248,
b4849062-77c4-49f0-9531-01e7b02a91af,nationwidechildrens.org_omf.TCGA-KK-A7AP.xml,TCGA-KK-A7AP,omf,C:\Users\joshd\Documents\OpenSpecialtyRiskAtlas\10_urology_tcga_prad\data_raw\clinical_xml\nationwidechildrens.org_omf.TCGA-KK-A7AP.xml,True,11145,
663fad29-3580-4973-abfa-55c8e234c96a,nationwidechildrens.org_clinical.TCGA-ZG-A8QW.xml,TCGA-ZG-A8QW,clinical,C:\Users\joshd\Documents\OpenSpecialtyRiskAtlas\10_urology_tcga_prad\data_raw\clinical_xml\nationwidechildrens.org_clinical.TCGA-ZG-A8QW.xml,True,30269,
8c9da583-ed47-46b5-80fb-c06661995590,nationwidechildrens.org_clinical.TCGA-HC-7747.xml,TCGA-HC-7747,clinical,C:\Users\joshd\Documents\OpenSpecialtyRiskAtlas\10_urology_tcga_prad\data_raw\clinical_xml\nationwidechildrens.org_clinical.TCGA-HC-7747.xml,True,35544,
2155d0e3-21e5-43db-9e73-a4ba0a7b8c09,nationwidechildrens.org_clinical.TCGA-HC-7744.xml,TCGA-HC-7744,clinical,C:\Users\joshd\Documents\OpenSpecialtyRiskAtlas\10_urology_tcga_prad\data_raw\clinical_xml\nationwidechildrens.org_clinical.TCGA-HC-7744.xml,True,35633,
a7373641-dc51-4cac-9f75-436f8b5b2f08,nationwidechildrens.org_clinical.TCGA-EJ-5514.xml,TCGA-EJ-5514,clinical,C:\Users\joshd\Documents\OpenSpecialtyRiskAtlas\10_urology_tcga_prad\data_raw\clinical_xml\nationwidechildrens.org_clinical.TCGA-EJ-5514.xml,True,38490,
189ca6e6-2407-46ac-97e0-4d28261af131,nationwidechildrens.org_clinical.TCGA-J4-AATV.xml,TCGA-J4-AATV,clinical,C:\Users\joshd\Documents\OpenSpecialtyRiskAtlas\10_urology_tcga_prad\data_raw\clinical_xml\nationwidechildrens.org_clinical.TCGA-J4-AATV.xml,True,30158,
965ceb6b-e52a-430f-9243-4457a0e10443,nationwidechildrens.org_clinical.TCGA-EJ-5499.xml,TCGA-EJ-5499,clinical,C:\Users\joshd\Documents\OpenSpecialtyRiskAtlas\10_urology_tcga_prad\data_raw\clinical_xml\nationwidechildrens.org_clinical.TCGA-EJ-5499.xml,True,38899,
28e8a6d9-cdf4-472f-a322-dc17aed489bf,nationwidechildrens.org_clinical.TCGA-HC-7080.xml,TCGA-HC-7080,clinical,C:\Users\joshd\Documents\OpenSpecialtyRiskAtlas\10_urology_tcga_prad\data_raw\clinical_xml\nationwidechildrens.org_clinical.TCGA-HC-7080.xml,True,30780,
7a93318e-fca2-40f3-a165-0632936354dc,nationwidechildrens.org_clinical.TCGA-G9-6370.xml,TCGA-G9-6370,clinical,C:\Users\joshd\Documents\OpenSpecialtyRiskAtlas\10_urology_tcga_prad\data_raw\clinical_xml\nationwidechildrens.org_clinical.TCGA-G9-6370.xml,True,30394,
dddc3b8e-6aaf-4f53-a4d5-0b39abfe16e2,nationwidechildrens.org_clinical.TCGA-FC-A6HD.xml,TCGA-FC-A6HD,clinical,C:\Users\joshd\Documents\OpenSpecialtyRiskAtlas\10_urology_tcga_prad\data_raw\clinical_xml\nationwidechildrens.org_clinical.TCGA-FC-A6HD.xml,True,40853,
e694f72a-d2ca-4769-820f-69c85e54c83c,nationwidechildrens.org_clinical.TCGA-KC-A7F6.xml,TCGA-KC-A7F6,clinical,C:\Users\joshd\Documents\OpenSpecialtyRiskAtlas\10_urology_tcga_prad\data_raw\clinical_xml\nationwidechildrens.org_clinical.TCGA-KC-A7F6.xml,True,22549,
a32701bc-9278-4ee4-a88e-b37f54933577,nationwidechildrens.org_clinical.TCGA-M7-A725.xml,TCGA-M7-A725,clinical,C:\Users\joshd\Documents\OpenSpecialtyRiskAtlas\10_urology_tcga_prad\data_raw\clinical_xml\nationwidechildrens.org_clinical.TCGA-M7-A725.xml,True,30586,
b631af85-3418-4cc5-82c7-342082c8a76f,nationwidechildrens.org_clinical.TCGA-G9-6369.xml,TCGA-G9-6369,clinical,C:\Users\joshd\Documents\OpenSpecialtyRiskAtlas\10_urology_tcga_prad\data_raw\clinical_xml\nationwidechildrens.org_clinical.TCGA-G9-6369.xml,True,30366,
b696eaa9-f525-4d1b-a362-3138f6de2bf4,nationwidechildrens.org_clinical.TCGA-EJ-5504.xml,TCGA-EJ-5504,clinical,C:\Users\joshd\Documents\OpenSpecialtyRiskAtlas\10_urology_tcga_prad\data_raw\clinical_xml\nationwidechildrens.org_clinical.TCGA-EJ-5504.xml,True,39451,
d20ed6f8-c17a-46f2-a411-4fe5c8c5d13d,nationwidechildrens.org_clinical.TCGA-M7-A723.xml,TCGA-M7-A723,clinical,C:\Users\joshd\Documents\OpenSpecialtyRiskAtlas\10_urology_tcga_prad\data_raw\clinical_xml\nationwidechildrens.org_clinical.TCGA-M7-A723.xml,True,47390,
97ab456b-6670-4275-a414-cbda0ff5258d,nationwidechildrens.org_clinical.TCGA-EJ-5494.xml,TCGA-EJ-5494,clinical,C:\Users\joshd\Documents\OpenSpecialtyRiskAtlas\10_urology_tcga_prad\data_raw\clinical_xml\nationwidechildrens.org_clinical.TCGA-EJ-5494.xml,True,38573,
38ed0bcd-afa2-4fc9-9b83-7c10afaeb2f2,nationwidechildrens.org_clinical.TCGA-KK-A6E1.xml,TCGA-KK-A6E1,clinical,C:\Users\joshd\Documents\OpenSpecialtyRiskAtlas\10_urology_tcga_prad\data_raw\clinical_xml\nationwidechildrens.org_clinical.TCGA-KK-A6E1.xml,True,41483,
6d52ca8d-3d83-49f2-85a5-9288ed45c5de,nationwidechildrens.org_clinical.TCGA-V1-A9ZG.xml,TCGA-V1-A9ZG,clinical,C:\Users\joshd\Documents\OpenSpecialtyRiskAtlas\10_urology_tcga_prad\data_raw\clinical_xml\nationwidechildrens.org_clinical.TCGA-V1-A9ZG.xml,True,32754,
789c2b3b-0f29-4f49-9494-076426e00f2c,nationwidechildrens.org_clinical.TCGA-J9-A8CM.xml,TCGA-J9-A8CM,clinical,C:\Users\joshd\Documents\OpenSpecialtyRiskAtlas\10_urology_tcga_prad\data_raw\clinical_xml\nationwidechildrens.org_clinical.TCGA-J9-A8CM.xml,True,25162,
602522e2-f62d-46ac-8241-acfe9ebd3984,nationwidechildrens.org_clinical.TCGA-EJ-A65B.xml,TCGA-EJ-A65B,clinical,C:\Users\joshd\Documents\OpenSpecialtyRiskAtlas\10_urology_tcga_prad\data_raw\clinical_xml\nationwidechildrens.org_clinical.TCGA-EJ-A65B.xml,True,30204,
3370cbb8-e41e-4c9d-b89e-b9cb11b87553,nationwidechildrens.org_clinical.TCGA-HC-7211.xml,TCGA-HC-7211,clinical,C:\Users\joshd\Documents\OpenSpecialtyRiskAtlas\10_urology_tcga_prad\data_raw\clinical_xml\nationwidechildrens.org_clinical.TCGA-HC-7211.xml,True,30863,
84d4762d-63f2-40cd-9145-b3479fe69c73,nationwidechildrens.org_clinical.TCGA-H9-7775.xml,TCGA-H9-7775,clinical,C:\Users\joshd\Documents\OpenSpecialtyRiskAtlas\10_urology_tcga_prad\data_raw\clinical_xml\nationwidechildrens.org_clinical.TCGA-H9-7775.xml,True,29869,
e4f718a7-ddd2-4ee0-a435-36db165bfa65,nationwidechildrens.org_clinical.TCGA-J9-A8CK.xml,TCGA-J9-A8CK,clinical,C:\Users\joshd\Documents\OpenSpecialtyRiskAtlas\10_urology_tcga_prad\data_raw\clinical_xml\nationwidechildrens.org_clinical.TCGA-J9-A8CK.xml,True,22591,
deae359e-4554-4734-b48f-34d099b1efab,nationwidechildrens.org_clinical.TCGA-XK-AAJU.xml,TCGA-XK-AAJU,clinical,C:\Users\joshd\Documents\OpenSpecialtyRiskAtlas\10_urology_tcga_prad\data_raw\clinical_xml\nationwidechildrens.org_clinical.TCGA-XK-AAJU.xml,True,30908,
77f91d3c-fdbe-4027-8f7d-aaa049b3b7d2,nationwidechildrens.org_clinical.TCGA-ZG-A8QZ.xml,TCGA-ZG-A8QZ,clinical,C:\Users\joshd\Documents\OpenSpecialtyRiskAtlas\10_urology_tcga_prad\data_raw\clinical_xml\nationwidechildrens.org_clinical.TCGA-ZG-A8QZ.xml,True,41059,
e11aa156-9043-46c1-a1a8-159e971407c3,nationwidechildrens.org_clinical.TCGA-J4-A67R.xml,TCGA-J4-A67R,clinical,C:\Users\joshd\Documents\OpenSpecialtyRiskAtlas\10_urology_tcga_prad\data_raw\clinical_xml\nationwidechildrens.org_clinical.TCGA-J4-A67R.xml,True,30516,
2aad5cdb-62be-462b-86ef-208509856956,nationwidechildrens.org_clinical.TCGA-EJ-5526.xml,TCGA-EJ-5526,clinical,C:\Users\joshd\Documents\OpenSpecialtyRiskAtlas\10_urology_tcga_prad\data_raw\clinical_xml\nationwidechildrens.org_clinical.TCGA-EJ-5526.xml,True,39275,
82c0a696-56df-4779-92e3-b68803c69969,nationwidechildrens.org_clinical.TCGA-HC-8261.xml,TCGA-HC-8261,clinical,C:\Users\joshd\Documents\OpenSpecialtyRiskAtlas\10_urology_tcga_prad\data_raw\clinical_xml\nationwidechildrens.org_clinical.TCGA-HC-8261.xml,True,30054,
2c40eaed-ea56-4b1a-a2cb-b98756fec2ab,nationwidechildrens.org_clinical.TCGA-YL-A8HM.xml,TCGA-YL-A8HM,clinical,C:\Users\joshd\Documents\OpenSpecialtyRiskAtlas\10_urology_tcga_prad\data_raw\clinical_xml\nationwidechildrens.org_clinical.TCGA-YL-A8HM.xml,True,47541,
c0335a95-a20b-4b69-ae3a-a1cec8d412f3,nationwidechildrens.org_clinical.TCGA-KK-A7AY.xml,TCGA-KK-A7AY,clinical,C:\Users\joshd\Documents\OpenSpecialtyRiskAtlas\10_urology_tcga_prad\data_raw\clinical_xml\nationwidechildrens.org_clinical.TCGA-KK-A7AY.xml,True,38071,
49a7dabb-a08f-498b-9e56-1650feee3759,nationwidechildrens.org_clinical.TCGA-G9-6362.xml,TCGA-G9-6362,clinical,C:\Users\joshd\Documents\OpenSpecialtyRiskAtlas\10_urology_tcga_prad\data_raw\clinical_xml\nationwidechildrens.org_clinical.TCGA-G9-6362.xml,True,38915,
6561ffa2-9e52-4182-9ae7-a9ca268cb4be,nationwidechildrens.org_clinical.TCGA-FC-A5OB.xml,TCGA-FC-A5OB,clinical,C:\Users\joshd\Documents\OpenSpecialtyRiskAtlas\10_urology_tcga_prad\data_raw\clinical_xml\nationwidechildrens.org_clinical.TCGA-FC-A5OB.xml,True,45650,
8b5657cb-7537-4aba-80ff-b148fe06b5e3,nationwidechildrens.org_clinical.TCGA-V1-A9O9.xml,TCGA-V1-A9O9,clinical,C:\Users\joshd\Documents\OpenSpecialtyRiskAtlas\10_urology_tcga_prad\data_raw\clinical_xml\nationwidechildrens.org_clinical.TCGA-V1-A9O9.xml,True,32606,
7a8aacec-15e4-4810-9f60-69eee73655ec,nationwidechildrens.org_clinical.TCGA-HC-A6HX.xml,TCGA-HC-A6HX,clinical,C:\Users\joshd\Documents\OpenSpecialtyRiskAtlas\10_urology_tcga_prad\data_raw\clinical_xml\nationwidechildrens.org_clinical.TCGA-HC-A6HX.xml,True,21639,
cd426ad5-15a8-4937-a5c3-bbc9abd7a626,nationwidechildrens.org_clinical.TCGA-V1-A8WL.xml,TCGA-V1-A8WL,clinical,C:\Users\joshd\Documents\OpenSpecialtyRiskAtlas\10_urology_tcga_prad\data_raw\clinical_xml\nationwidechildrens.org_clinical.TCGA-V1-A8WL.xml,True,32720,
2214a39a-ad50-4c26-bf2e-95c83940c27b,nationwidechildrens.org_clinical.TCGA-J4-A6G1.xml,TCGA-J4-A6G1,clinical,C:\Users\joshd\Documents\OpenSpecialtyRiskAtlas\10_urology_tcga_prad\data_raw\clinical_xml\nationwidechildrens.org_clinical.TCGA-J4-A6G1.xml,True,35037,
5ecf1152-89ea-4585-95e8-ed35bc35b520,nationwidechildrens.org_clinical.TCGA-HC-8266.xml,TCGA-HC-8266,clinical,C:\Users\joshd\Documents\OpenSpecialtyRiskAtlas\10_urology_tcga_prad\data_raw\clinical_xml\nationwidechildrens.org_clinical.TCGA-HC-8266.xml,True,29727,
83302f78-c66c-4ba4-9f88-b4d84811a874,nationwidechildrens.org_clinical.TCGA-HC-A48F.xml,TCGA-HC-A48F,clinical,C:\Users\joshd\Documents\OpenSpecialtyRiskAtlas\10_urology_tcga_prad\data_raw\clinical_xml\nationwidechildrens.org_clinical.TCGA-HC-A48F.xml,True,40900,
ed8e3f1c-3597-4665-bcd4-f4ae226e0008,nationwidechildrens.org_clinical.TCGA-YL-A8HL.xml,TCGA-YL-A8HL,clinical,C:\Users\joshd\Documents\OpenSpecialtyRiskAtlas\10_urology_tcga_prad\data_raw\clinical_xml\nationwidechildrens.org_clinical.TCGA-YL-A8HL.xml,True,47336,
700a9074-f7f3-4d2e-9dc7-621e8672dd69,nationwidechildrens.org_clinical.TCGA-EJ-5506.xml,TCGA-EJ-5506,clinical,C:\Users\joshd\Documents\OpenSpecialtyRiskAtlas\10_urology_tcga_prad\data_raw\clinical_xml\nationwidechildrens.org_clinical.TCGA-EJ-5506.xml,True,38915,
985f3f7e-c754-40db-9217-428ab1f33a05,nationwidechildrens.org_clinical.TCGA-HC-A6AL.xml,TCGA-HC-A6AL,clinical,C:\Users\joshd\Documents\OpenSpecialtyRiskAtlas\10_urology_tcga_prad\data_raw\clinical_xml\nationwidechildrens.org_clinical.TCGA-HC-A6AL.xml,True,21819,
91760df2-7543-4f0f-a211-5c0149f18325,nationwidechildrens.org_clinical.TCGA-G9-6385.xml,TCGA-G9-6385,clinical,C:\Users\joshd\Documents\OpenSpecialtyRiskAtlas\10_urology_tcga_prad\data_raw\clinical_xml\nationwidechildrens.org_clinical.TCGA-G9-6385.xml,True,30140,
9c59df09-4fbc-498b-b07d-39616f18140a,nationwidechildrens.org_clinical.TCGA-VP-A875.xml,TCGA-VP-A875,clinical,C:\Users\joshd\Documents\OpenSpecialtyRiskAtlas\10_urology_tcga_prad\data_raw\clinical_xml\nationwidechildrens.org_clinical.TCGA-VP-A875.xml,True,30790,
88345b7a-32e8-4240-8b72-3a6689c4bc8b,nationwidechildrens.org_clinical.TCGA-ZG-A9L5.xml,TCGA-ZG-A9L5,clinical,C:\Users\joshd\Documents\OpenSpecialtyRiskAtlas\10_urology_tcga_prad\data_raw\clinical_xml\nationwidechildrens.org_clinical.TCGA-ZG-A9L5.xml,True,33187,
6dac984b-7899-427b-baaa-ba5e24ac264a,nationwidechildrens.org_clinical.TCGA-CH-5764.xml,TCGA-CH-5764,clinical,C:\Users\joshd\Documents\OpenSpecialtyRiskAtlas\10_urology_tcga_prad\data_raw\clinical_xml\nationwidechildrens.org_clinical.TCGA-CH-5764.xml,True,21953,
c9f9bbed-35fd-4926-a49d-0a490c2ee830,nationwidechildrens.org_omf.TCGA-EJ-A46B.xml,TCGA-EJ-A46B,omf,C:\Users\joshd\Documents\OpenSpecialtyRiskAtlas\10_urology_tcga_prad\data_raw\clinical_xml\nationwidechildrens.org_omf.TCGA-EJ-A46B.xml,True,11056,
3e83ec37-aceb-47de-9f15-aa78ec202f91,nationwidechildrens.org_omf.TCGA-CH-5764.xml,TCGA-CH-5764,omf,C:\Users\joshd\Documents\OpenSpecialtyRiskAtlas\10_urology_tcga_prad\data_raw\clinical_xml\nationwidechildrens.org_omf.TCGA-CH-5764.xml,True,11147,
62736b2b-c425-468c-a1c4-0a1f354bb812,nationwidechildrens.org_clinical.TCGA-EJ-A46B.xml,TCGA-EJ-A46B,clinical,C:\Users\joshd\Documents\OpenSpecialtyRiskAtlas\10_urology_tcga_prad\data_raw\clinical_xml\nationwidechildrens.org_clinical.TCGA-EJ-A46B.xml,True,30581,
996c2483-7ee4-4b17-b9ab-b427ad78c361,nationwidechildrens.org_omf.TCGA-HC-7821.xml,TCGA-HC-7821,omf,C:\Users\joshd\Documents\OpenSpecialtyRiskAtlas\10_urology_tcga_prad\data_raw\clinical_xml\nationwidechildrens.org_omf.TCGA-HC-7821.xml,True,11039,
7813a005-3ab2-4b74-bace-1082b399ff5c,nationwidechildrens.org_clinical.TCGA-HC-7821.xml,TCGA-HC-7821,clinical,C:\Users\joshd\Documents\OpenSpecialtyRiskAtlas\10_urology_tcga_prad\data_raw\clinical_xml\nationwidechildrens.org_clinical.TCGA-HC-7821.xml,True,30704,
eeb0a237-6ef7-4e1c-a4ae-4be701c42d99,nationwidechildrens.org_clinical.TCGA-CH-5763.xml,TCGA-CH-5763,clinical,C:\Users\joshd\Documents\OpenSpecialtyRiskAtlas\10_urology_tcga_prad\data_raw\clinical_xml\nationwidechildrens.org_clinical.TCGA-CH-5763.xml,True,30412,
bd560287-fedc-4b2d-a8fc-0934587fbbe8,nationwidechildrens.org_omf.TCGA-CH-5790.xml,TCGA-CH-5790,omf,C:\Users\joshd\Documents\OpenSpecialtyRiskAtlas\10_urology_tcga_prad\data_raw\clinical_xml\nationwidechildrens.org_omf.TCGA-CH-5790.xml,True,11059,
6dd3ad55-1f4f-4e5a-8759-c5fe0252f066,nationwidechildrens.org_clinical.TCGA-KC-A4BL.xml,TCGA-KC-A4BL,clinical,C:\Users\joshd\Documents\OpenSpecialtyRiskAtlas\10_urology_tcga_prad\data_raw\clinical_xml\nationwidechildrens.org_clinical.TCGA-KC-A4BL.xml,True,25046,
72e4ba8d-f44e-4134-87b5-f5352874e1e2,nationwidechildrens.org_clinical.TCGA-2A-A8W1.xml,TCGA-2A-A8W1,clinical,C:\Users\joshd\Documents\OpenSpecialtyRiskAtlas\10_urology_tcga_prad\data_raw\clinical_xml\nationwidechildrens.org_clinical.TCGA-2A-A8W1.xml,True,30315,
cf42ad4e-060a-4015-a6cf-5b756a707949,nationwidechildrens.org_clinical.TCGA-ZG-A9LS.xml,TCGA-ZG-A9LS,clinical,C:\Users\joshd\Documents\OpenSpecialtyRiskAtlas\10_urology_tcga_prad\data_raw\clinical_xml\nationwidechildrens.org_clinical.TCGA-ZG-A9LS.xml,True,35792,
36f432fe-dc8e-4531-98ac-a7c2d27c309e,nationwidechildrens.org_clinical.TCGA-CH-5772.xml,TCGA-CH-5772,clinical,C:\Users\joshd\Documents\OpenSpecialtyRiskAtlas\10_urology_tcga_prad\data_raw\clinical_xml\nationwidechildrens.org_clinical.TCGA-CH-5772.xml,True,30509,
ee78c08c-0328-4de9-ad47-9b94384fb3a4,nationwidechildrens.org_clinical.TCGA-CH-5791.xml,TCGA-CH-5791,clinical,C:\Users\joshd\Documents\OpenSpecialtyRiskAtlas\10_urology_tcga_prad\data_raw\clinical_xml\nationwidechildrens.org_clinical.TCGA-CH-5791.xml,True,38618,
4fb57dd0-c170-4ac1-a7f2-1b7ddd05d7fb,nationwidechildrens.org_clinical.TCGA-EJ-5525.xml,TCGA-EJ-5525,clinical,C:\Users\joshd\Documents\OpenSpecialtyRiskAtlas\10_urology_tcga_prad\data_raw\clinical_xml\nationwidechildrens.org_clinical.TCGA-EJ-5525.xml,True,30888,
8d2d6f6e-b2fb-443a-9ce0-3a05ad114edd,nationwidechildrens.org_clinical.TCGA-V1-A9O5.xml,TCGA-V1-A9O5,clinical,C:\Users\joshd\Documents\OpenSpecialtyRiskAtlas\10_urology_tcga_prad\data_raw\clinical_xml\nationwidechildrens.org_clinical.TCGA-V1-A9O5.xml,True,43855,
4014faff-822a-4c55-8883-f6fff436109d,nationwidechildrens.org_clinical.TCGA-G9-6366.xml,TCGA-G9-6366,clinical,C:\Users\joshd\Documents\OpenSpecialtyRiskAtlas\10_urology_tcga_prad\data_raw\clinical_xml\nationwidechildrens.org_clinical.TCGA-G9-6366.xml,True,37868,
2e350c47-d504-45b3-8776-acf5b1d3c550,nationwidechildrens.org_omf.TCGA-HC-7233.xml,TCGA-HC-7233,omf,C:\Users\joshd\Documents\OpenSpecialtyRiskAtlas\10_urology_tcga_prad\data_raw\clinical_xml\nationwidechildrens.org_omf.TCGA-HC-7233.xml,True,11069,
389dd046-30a8-469a-b74c-d421c7e0a05c,nationwidechildrens.org_clinical.TCGA-HC-8258.xml,TCGA-HC-8258,clinical,C:\Users\joshd\Documents\OpenSpecialtyRiskAtlas\10_urology_tcga_prad\data_raw\clinical_xml\nationwidechildrens.org_clinical.TCGA-HC-8258.xml,True,30054,
848a56bf-2f3c-40c0-abae-0f059b783aba,nationwidechildrens.org_clinical.TCGA-YL-A9WY.xml,TCGA-YL-A9WY,clinical,C:\Users\joshd\Documents\OpenSpecialtyRiskAtlas\10_urology_tcga_prad\data_raw\clinical_xml\nationwidechildrens.org_clinical.TCGA-YL-A9WY.xml,True,54012,
